name,address,characteristics,time,transport,tags,reference
辣麻味噌沾麵 鬼金棒(總店沾麵部),10491台北市中山區中山北路一段94號,來自日本東京，口味在日本台灣都是自成一派的「辣麻味噌沾麵、拉麵」。總店為沾麵專賣店，販賣品項為可調整辣度、麻度的辣麻味噌沾麵以及博多豚骨拉麵。店主對於食材挑選極為用心，店內叉燒除了類似控肉的角煮外，也有低溫烹調的和牛及依比利豬叉燒可供選擇，白飯使用伊馬嵐池上米，博多豚骨拉麵使用杜蘭小麥。建議前往前先參考官方粉專。,週一-五 12:00~14:00、17:00~20:30週六-日 12:00~20:30,鬼金棒／捷運台北車站,#ramentw #台灣拉麵愛好會 #拉麵 #沾麵 #辣味 #麻味 #味噌 #豚骨 #豚骨魚介 #2019金賞,Tsao Ray - 濃厚辣麻味噌拉麵   https://bit.ly/3iCSg3y   鄭傑瑞 - 特製台灣辣麻味噌沾麵   https://bit.ly/3fOBfla   湯凱程 - 特製辣麻味增沾麵   https://bit.ly/3i7x1a8   
辣麻味噌拉麵 鬼金棒(總店拉麵部),無提供地址資訊,來自日本東京，口味在日本台灣都是自成一派的「辣麻味噌拉麵」。本店為拉(湯)麵專賣店，販賣品項為可調整辣度麻度的辣麻味噌拉麵以及鬼金棒的豚骨拉麵。店內招牌的辣麻味噌拉麵是混合豚骨及魚介兩種湯底（目前夏日為豚雞魚介湯）再混入味噌，麵條也是三種不同麵條混合，叉燒則是類似控肉的角煮，在在顯露出強烈的自我風格。店內不時會有特殊限定，建議前往前先參考官方粉專。,"週一-五 11:30–14:00, 17:00–20:30週六-日 11:30–20:30",鬼金棒/捷運台北車站,#ramentw #台灣拉麵愛好會 #拉麵 #辣味 #麻味 #味噌 #豚骨 #豚骨魚介 #2019金賞,Queena Peng - 特製辣麻味噌拉麵   https://bit.ly/32YwiTA   Tsao Ray - 濃厚辣麻味噌拉麵   https://bit.ly/3iCSg3y   Yuko Seika - 辣麻味增拉麵   https://bit.ly/340Eunj   
辣麻味噌拉麵 鬼金棒(松江南京店),無提供地址資訊,來自日本東京，口味在日本台灣都是自成一派的「辣麻味噌拉麵」。南京松江店為拉(湯)麵專賣店，販賣品項為可調整辣度麻度的辣麻味噌拉麵以及鬼金棒的豚骨拉麵。與中山店不同的是店內的辣麻味噌拉麵是只使用豚骨單一湯底再混入味噌，麵條也是單一的粗麵，叉燒則是類似控肉的角煮，是最接近日本本店的味道。麻辣的程度也是三店之冠，角煮也是最為穩定且大塊的一家分店。,11:30–14:00、17:00–20:30,四平公園/捷運南京松江站,#ramentw #台灣拉麵愛好會 #拉麵 #辣味 #麻味 #味噌 #豚骨 #2019金賞,紅陵 - 辣麻味噌拉麵   http://bit.ly/2MJG1ml   Bill Chang - 鬼金棒的豚骨拉麵   http://bit.ly/2MNjcOU   Jeff Chiang - 辣麻味噌拉麵   http://bit.ly/2OA38Aj   
雞吉君拉麵とりよしくんラーメン雞白湯專門店,114台北市內湖區環山路一段33號,雞吉君是雞湯愛好者必朝聖的一間店，口味上從清淡到濃厚分別是淡麗->濃厚->特濃，三種口味各有千秋，可以按照自己的喜好做選擇。叉燒飯則有分大小，唯一須注意是店內無廁所，請留心。(週日中午有提供煮干拉麵),週一 店休 PS：⚠️適逢每月雙數週休一、二週二~四 17:30~21:00(或售完)週五~日 11:30~14:00、17:30~21:00(或售完)營業時間調整從⚠️9月1日(二)起⚠️，至店主完成準備後將恢復原本營業時間。,西湖國小／捷運西湖站,#ramentw #台灣拉麵愛好會 #拉麵 #油拌麵 #淡麗 #雞白 #雞濃 #雞清 #煮干 #2019金賞,Zhanyao Zhang-濃厚煮干雞拉麵   https://bit.ly/2QmFNoJ   侯懿純 - 鹽味雞清湯拉麵   https://bit.ly/32mpcsu   朱禾 - 鹽味雞湯拉麵+手柔拌麵   https://bit.ly/2P6o44s   
勝王,104台北市中山區林森北路306號,2020年8月22日重新開幕，本店為台灣第一個二毛作(原意為同一塊耕地一年內種植不同作物，在餐飲業為在不同時間提供不同服務及商品)的拉麵店。勝王在台灣是間實驗性質相當高的店家，除了經常出現各種特別煮干、魚類食材外，各式醬油、香料、麵體、甚至水也是店家嘗試的對象，可以說是台灣新潮流拉麵的頂點，每週的特別食材除了吸引大量拉麵愛好者前來之外，台灣的店家，甚至日本拉麵店長也都前來嘗試過。,11:30~14:00、17:00~20:30,金光鐘錶,#ramentw #台灣拉麵愛好會 #拉麵 #雞白湯 #薩索雞 #變化  #2019金賞,鄭傑瑞 - 橘醋清雞湯拉麵   https://bit.ly/38lDEnC   侯懿純 - 八幡屋七味葡萄山椒奶油雞白湯   https://bit.ly/31FxTwA   林哲祥 - 黑蔥蒜麻油 會臭的豬頭豚湯柳麵   https://bit.ly/3m8guok   
五之神製作所 台灣,110台北市信義區忠孝東路四段553巷6弄6號,為拉麵界較為少見的，以蝦作為基底的拉麵店，一共分為豚骨蝦湯麵、蝦沾麵與番茄蝦沾麵，其叉燒飯則為相當傳統的鹹甜醬香口味，其周末經常有限定沾麵/拉麵與對應的限定飯，均為水準之作，惟其麵條鹼水味較為鮮明，還請留意。,週一~五 11:30~15:00、17:00~21:00週二 公休週六~日 11:30~21:00,松菸／捷運市政府站 - 1號出口,#ramentw #台灣拉麵愛好會 #拉麵 #沾麵 #豚骨 #豚骨魚介 #蝦豚骨 #限定 #變化 #2019金賞 #雞白湯 #冷凍包,Michael Lin - 雞白湯拉麵   https://bit.ly/360ZBqo   Sky Walker - 新潟燕三条背脂拉麵   https://bit.ly/395B4SX   Ck Chen - 燕三条拉麵   https://bit.ly/39iDkXh   
Okaeriお帰り吃碗拉麵吧,106台北市大安區延吉街60號,年休中，10月26日(一)11:30再開。開拓台灣純正日本口味拉麵疆土的老店之一、與雞吉君為同一店主。店內基本為熬煮12小時以上的濃厚豚骨湯頭為主，厚實順口的豚骨湯加上厚切夠份量的叉燒、清甜爽口的高麗菜，再以近乎偏執的完美擺盤，在台灣是辨識度相當高的一家店。除了豚骨湯底之外，也有京都醬油拉麵、大阪炒麵、甚至咖哩飯等品項，店內現點現包的煎餃其美味及數量稀少，往往在一開店即銷售一空。,週二~週日: 11:30～15:00或（售完為止）17:30～21:00或（售完為止）每週一公休（每月第二及第四週的週一和週二也為公休日）,華視／捷運國父紀念館站,#ramentw #台灣拉麵愛好會 #拉麵 #豚骨 #豚骨魚介 #辣味 #煎餃 #2019金賞,Queena Peng - 濃厚豚骨拉麵／辛口豚骨拉麵   https://bit.ly/3nEt4gv   Tsao Ray - 濃厚豚骨拉麵   https://bit.ly/303qFCj   蔡旻原 - 京都醬油拉麵   https://bit.ly/3hzoRa2   
隱家拉麵-士林店,111台北市士林區中山北路五段505巷1號,開業於2019年10月，本店的風格為多樣化的湯頭，目前提供雞湯與豚骨湯二種湯頭，以及濃厚蝦沾麵的品項。店主對於拉麵的專精與與人為善的熱情，造就本店的自信美味，但店主想在此店傳達除了美味之外，更在乎店家與食客之間心的連繫，因此創立了隱家拉麵，希望可以與食客一起分享美食與生活。詳情可察看下方網友食記。,11:30~14:30、16:30~22:00,捷運士林站,#ramentw #台灣拉麵愛好會 #拉麵 #沾麵 #豚骨 #雞清湯 #豚骨蝦 #限定 #加麵一球免費,風月 - 辛豚骨拉麵   https://bit.ly/37Ljcfw   高晉 - 黃金雞湯拉麵   https://bit.ly/36ZQcQV   鄭傑瑞 - 醬油豚骨拉麵   https://bit.ly/3mavQcy   
隱家拉麵-赤峰店,104台灣台北市大同區,開幕於2020年5月，本店為隱家拉麵二店，主打黃金雞湯、辛豚骨，並有每日限定擔擔麵、鯛白湯沾麵享用。詳情請見下方食記。,11:30~14:00、16:30~22:00,捷運雙連站,#ramentw #台灣拉麵愛好會 #拉麵 #雞清湯 #豚骨 #魚白湯 #擔擔麵 #加麵一球免費,風月 - 辛豚骨拉麵   https://bit.ly/37Ljcfw   高晉 - 黃金雞湯拉麵   https://bit.ly/36ZQcQV   Raven Chen - 極·濃厚海老沾麵   https://bit.ly/340e83o   
柑橘 Shinn,106台北市大安區仁愛路四段228-6號,開業於2017年3月，融合美日台三種文化風格融合的油拌麵，面對的族群以女性客人及上班族居多，自推出柑橘系列的拉麵之後，大受各方饕客好評，目前首推 柑橘蛤蜊鹽味淡麗雞清湯 ，是台灣難得一見的淡麗味覺，後續推出鴨蔥拉麵，饕客間皆有不錯的好評，詳情請見下方食記。,週一~五 11:30 - 14:00、17:00 - 20:30週六~日 11:30 - 20:30,仁愛路國中步行2分／捷運信義安和站,#ramentw #台灣拉麵愛好會 #拉麵 #油拌麵 #柑橘 #雞白 #雞濃 #雞清 #淡麗 #2019金賞,Jimmy Lai - 柑橘濃厚雞白湯   https://bit.ly/3it4hss   Joey Lai - 柑橘濃厚雞白湯   https://bit.ly/32YZvhZ   Chen Yun Yun - 柑橘醬油魚介   https://bit.ly/2CuKUjp   
山嵐拉麵-台灣總店,106台北市大安區杭州南路二段75號,於2019年6月遷移至現址，店內所售品項分為白湯(豚骨)、赤湯(加辣)、海湯(加魚粉)，三種口味也各有沾麵與蔥爆、叉燒版本，均為特色與水準之作，柔嫩的叉燒與風味十足的風味油更是在吃時讓人相當喜愛，沾湯內的高麗菜滋味十足，湯頭內的豬背脂油而不膩讓人回味再三。本店特色限定為紅味噌拉麵。,11:30~14:30、17:15~20:45,南門市場 / 捷運古亭站步行4分,#ramentw #台灣拉麵愛好會 #拉麵 #沾麵 #豚骨 #豚骨魚介 #辣味 #2019金賞,姿婷王 - 白湯豚骨／赤湯豚骨   https://bit.ly/3689RvY   Is Amy - 白系豚骨   https://bit.ly/3kiBmbX   蔡旻原 - 海湯拉麵   https://bit.ly/3jU8u97   
山嵐拉麵-公館店,100台北市中正區羅斯福路四段136巷1弄13號,在東區的分店開設後，山嵐決定於公館開設第二間店，本店除了擁有與忠孝店相同的定番外，更常常推出與忠孝店不同的限定以饗饕客；而鄰近的公館商圈除了有為數眾多的夜市小吃外，更有金石文化廣場與東南亞秀泰影城可供遊憩。,週日~周四: 11:30~21:00周五~周六: 11:30~21:30,台大／捷運公館站,#ramentw #台灣拉麵愛好會 #拉麵 #沾麵 #豚骨 #豚骨魚介 #辣味 #2019金賞,姿婷王 - 白湯豚骨／赤湯豚骨   https://bit.ly/3689RvY   Is Amy - 白系豚骨   https://bit.ly/3kiBmbX   蔡旻原 - 海湯拉麵   https://bit.ly/3jU8u97   
山嵐拉麵-大安店,106台北市大安區復興南路二段,於2019年11月開幕，店內所售品項分為白湯(豚骨)、赤湯(加辣)、海湯(加魚粉)，三種口味也各有沾麵與蔥爆、叉燒版本，均為特色與水準之作，柔嫩的叉燒與風味十足的風味油更是在吃時讓人相當喜愛，沾湯內的高麗菜滋味十足，湯頭內的豬背脂油而不膩讓人回味再三。本店目前的期間限定為濃厚番茄拉麵、海鮮咖哩沾麵。,11:30~14:30、17:15~20:45,瑞安街 / 捷運大安站步行3分,#ramentw #台灣拉麵愛好會 #拉麵 #沾麵 #豚骨 #豚骨魚介 #蕃茄 #咖哩 #2019金賞,姿婷王 - 白湯豚骨／赤湯豚骨   https://bit.ly/3689RvY   Is Amy - 白系豚骨   https://bit.ly/3kiBmbX   蔡旻原 - 海湯拉麵   https://bit.ly/3jU8u97   
拉麵公子,104台北市中山區八德路二段279號,開業於2019年12月3日，此店為知名拉麵部落客，品嘗各地拉麵吃出心得，轉而開店的範例之一，本店是以雞湯與進階型煮干為主軸的店家，雞湯甘美香醇，煮干苦鮮醇厚，詳情可察看下方網友食記。,11:30~13:30、17:30~20:30無公休 不定休,中崙大潤發,#ramentw #台灣拉麵愛好會 #拉麵 #雞白 #雞清 #煮干 #變化,Noriaki McMahon - 濃厚豚骨雞白湯   https://bit.ly/3cwoSKN   陳聖諺 - 蘭姆酒濃厚咖哩拉麵   https://bit.ly/3ljJV75   谷祖豪 - 限定蘭姆酒濃厚咖哩拉麵   https://bit.ly/3hfgsJ0   
麵屋壹慶,10491台北市中山区双城街32巷2號1 1c號,開業於2018年9月，台灣首間以泡系為主題的店家，豚骨醬油、豚骨塩味、清湯醬油以上三種味道都有其特色，領先市場推出的泡系雞白湯，湯溫心暖醇郁順口，亦有不錯的好評，詳情可察看下方網友食記。,17:00–21:00星期一、日 公休,欣葉台菜餐廳,#ramentw #台灣拉麵愛好會 #拉麵 #雞白 #豚骨 #泡系 #醬油 #2019金賞,Stars Yang - 醬油清湯特盛   https://bit.ly/2Eod94e   李雋恩 - 特盛醬油拉麵   https://bit.ly/3eADd8A   Alicia Yang - 雞白湯拉麵   http://bit.ly/38DVHm9   
麵屋壹の穴 ICHI,106台北市大安區延吉街137巷22號,老闆號稱180，除了招牌的魚介湯頭外，亦開發了豚骨、雞湯、煮干、醬油等湯頭，也有日式擔擔麵，是少數可以品嚐到多種拉麵的店家。除了這些之外，壹之穴也有推出大份量的二郎系拉麵，分成壹之二郎與痛風二郎兩種，份量相當大。除此之外，壹之穴除了汁無し擔擔麵以外都可以免費加細麵一次，份量與價格皆相當實在。除了多樣化的拉麵外，其他副食則有相當受到好評的叉燒飯、唐揚雞塊、醃漬小番茄可供選擇。配料的部分叉燒和溏心蛋皆可以加點，中午用餐時段也有優惠的套餐組合。,11:30~15:00，17:30~21:00週一公休,華視／捷運國父紀念館站-1號出口,#ramentw #台灣拉麵愛好會 #拉麵 #油拌麵 #豚骨 #豚骨魚介 #二郎風 #限定 #變化 #2019金賞,劉孟誠 - 干貝醬油拉麵   https://bit.ly/38Mi0H4   Stars Yang - 秋刀魚醬油干貝醬拉麵+堅果拌麵   https://bit.ly/31u1fyQ   Zhanyao Zhang - 秋刀魚醬油拉麵   https://bit.ly/2z1e4Vt   
創作拉麵 悠然,10491台北市中山區林森北路487號1 樓 209 室,"店長繼承過往拉麵店家修業經驗，加上自身對於拉麵的詮釋及對品質的堅持，重新定義了""台灣拉麵""一詞。從初期第一碗名為""琢磨""的虱目魚鹽味拉麵，創作了以季節為主的十二碗拉麵，並不時創作以節慶為主的限定拉麵，以嚮麵友們的味蕾。目前是以一週固定只販賣一種拉麵的方式經營，每週販賣品項請參考粉專。",週三~六 17:00~20:00週日 11:00~14:00，17:00~20:00週一~二  公休,趣旅館／捷運中山國小站,#ramentw #台灣拉麵愛好會 #淡麗系 #限定 #雞清湯 #2019名店,李雋恩 - 辣雞白湯拉麵   https://bit.ly/2GqLGQt   侯懿純 - 煮干醬油雞湯(黑潮)   https://bit.ly/33KLlkq   侯懿純 - 南歐風鹽味清湯   https://bit.ly/2SzMlkQ   
麵屋武藏本店,無提供地址資訊,來自日本的品牌，開啟W湯頭的領航者，位於HOYII和億B2，不同於麵屋武藏-神山，本店以雞白湯頭為主打，有沾麵和拉麵可供選擇。,11:00~22:00,添好運／台北車站,#ramentw #台灣拉麵愛好會 #拉麵 #沾麵 #雞白湯  #加麵一球免費 #限定 #變化 #2019名店,Yao Shun-yuan - 海老鮮味金瓜沾麵   https://bit.ly/2HFkTQC   邱炳憲 - 牡蠣魚介鹽味拉麵   https://bit.ly/2OXDyHB   陳聖諺 - 限定螃蟹雞白湯   https://bit.ly/36ICLma   
道樂屋台,無提供地址資訊,"""屋台""(やたい,YATAI) 就是所謂的路邊攤，晚上才開始營業，與一般日式居酒屋不同，反而像是台灣的路邊攤，形成福岡當地的特色。道樂屋台是全台最為熱門的屋台之一，不定時出現的限定餐點，也受到麵友們的喜愛。",12:00~14:00、17:00~21:00週一 公休,公有士林市場／劍潭捷運站,#ramentw #台灣拉麵愛好會 #拉麵 #豚骨 #雞湯  #加麵一球免費 #限定 #變化 #2019名店,Stars Yang - 雞白湯拉麵   https://bit.ly/2QQDkmF   鄭傑瑞 - 豪華豚骨拉麵   https://bit.ly/32ScnVl   莊家豪 - 大雞腿雞白湯拉麵   https://bit.ly/2xOdABu   
道樂ラーメン專門店,111台北市士林區大北路9號,開業於2018年8月，位於士林夜市文林路旁，與原道樂屋台味道迥異的拉麵店，主打平民小吃，屋台風情，店內的豪華豚骨、蛤蜊豚骨、海老豚骨拉麵都有其愛好者，不定時出現的限定餐點，也受到麵友們的喜愛，詳情可察看下方網友食記。,17:00~23:30週一 公休,士林夜市/捷運士林站步行5分,#ramentw #台灣拉麵愛好會 #拉麵 #豚骨 #雞白 #家系 #限定 #變化 #加麵一球免費 #2019名店,Sam Huang - 豪華叉燒拉麵   https://bit.ly/3dHUPQw   Stars Yang - 肋排家系拉麵   http://bit.ly/2W1dXlY   蔡承澔 - 豪華豚骨拉麵   http://bit.ly/2B3TJyZ   
道樂商店,無提供地址資訊,於2020年5月開幕，本店為道樂四店，主打平民小吃，屋台風情，店內的豪華豚骨、蛤蜊豚骨、海老豚骨拉麵都有其愛好者，不定時出現的限定餐點，也受到麵友們的喜愛，詳情可察看下方網友食記。,12:00~14:00、17:00~21:00週一 公休,美觀園／捷運西門站6號出口,#ramentw #台灣拉麵愛好會 #拉麵 #豚骨 #雞白 #家系 #限定 #變化 #加麵一球免費,Yu-Ro Tsai - 雞白湯拉麵   https://bit.ly/2QPGkjf   TinAn Chen - 雞白湯拉麵   https://bit.ly/3gCIH3H   鄭傑瑞 - 味玉雞白湯拉麵   https://bit.ly/2BHvyHy   
吉天元拉麵店,無提供地址資訊,開業於2018年10月，位於西門町萬年大樓B1，湯頭是以雞白湯為主軸，湯頭濃醇鮮鹹甘，是西門町區域的優選雞白湯拉麵店，主推野菜雞白湯拉麵，不定時會推出限定以嚮麵友們的味蕾，詳情可察看下方網友食記。,週二~五 12:00~15:00、17:00~21:00週六~日 12:00~21:00週一 公休,萬年大樓／捷運西門站步行3分,#ramentw #台灣拉麵愛好會 #拉麵 #雞白湯 #泡系 #限定 #2019名店,Yang Kevin - 野菜雞白湯   https://bit.ly/35Z6FV1   Jimmy Lai - 濃雞白湯，咖哩拉麵，鹽味雞湯   https://bit.ly/2AKBNKE   張正一 - 雞白湯   https://bit.ly/2YfowCZ   
鷹流拉麵【台湾本店】,106台北市大安區忠孝東路四段216巷27弄14號,來自東京高田馬場，號稱全台最濃厚的鹽味豚骨拉麵，是台灣濃厚豚骨湯頭的先驅，搭配上全粒粉的多加水自家製麵，拉麵風格跟店主鷹峰一樣相當強烈。每個月29日會有叉燒增量的活動，限定拉麵多為每季一次，另外每年年初發售的月曆也是拉麵界盛事。老闆目前在台北六家口味不同的分店，為非連鎖體系中擁有分店最多的。,週一~六 11:30–22:00週日 11:30–21:0010/1起週一~六 17:00～22:00週日 17:00～21:00,明曜百貨／捷運忠孝敦化站,#ramentw #台灣拉麵愛好會 #拉麵 #沾麵 #豚骨 #豚濃 #限定 #每月29號 #2019名店,Stars Yang - 鷹流沾麵+筍干   http://bit.ly/2PWbZzz   Sky Walker - 東京醬油豚骨拉麵   http://bit.ly/2vHBVVA   Zhanyao Zhang - 鷹流沾麵   http://bit.ly/2MMc0T1   
真劍拉麵,106台北市大安區師大路126巷1號,開幕於2018年11月，以鹽味翠雞拉麵擁有的藍色雞湯味湯頭而知名的拉麵店，是台灣IG照片上的常客，店門口吊個沙包也是特色，是屬於師大區域的知名店家，詳情請見下方食記。,11:30~14:00，17:30~21:30有不定休可能，請參閱粉專,頂好超市／捷運台電大樓站步行1分,#ramentw #台灣拉麵愛好會 #拉麵 #雞清 #豚骨 #加麵一球免費 #2019名店,Sky Walker - 醬油雞湯拉麵   https://bit.ly/3kTEcDI   David Lu - 豚骨拉麵+鹽味翠雞+醬油拉麵 https://bit.ly/38oyM0P   陳宥宣 - 豚骨拉麵   https://bit.ly/3mtmr06   
雞二拉麵-本店,106台北市大安區文昌街30號,主打超大份量，且價格實惠的雞湯拉麵，主要分成三種分量：小小雞、小雞二、大雞二。大雞二是許多大食量麵友喜愛挑戰的目標，小雞二則適合一般食量的麵友。經典款的拉麵有醬油和鹽味，也有推出如蝦醬雞白湯等特殊口味，若愛吃鹹的麵友，建議味道加鹹，會感覺更加豐厚。,11:30~20:30週日 公休,師大附中／捷運信義安和站、大安站,#ramentw #台灣拉麵愛好會 #拉麵 #雞白 #雞魚介 #二郎風 #大食 #2019名店,Zhanyao Zhang - 鹽味大雞二   https://bit.ly/2X9TfRz   潔西李 - 鹽味大雞二拉麵、醬油大雞二拉麵 https://bit.ly/337U6lc   吳俊青 - 大雞二醬油   http://bit.ly/2LHtq1T   
雞二二店,106台北市大安區羅斯福路三段139號,二店開幕於2018年11月26日，主打超大份量，且價格實惠的雞湯拉麵，主要分成三種分量：小小雞、小雞二、大雞二。大雞二是許多大食量麵友喜愛挑戰的目標，小雞二則適合一般食量的麵友。經典款的拉麵有醬油和鹽味，也有推出如蝦醬雞白湯等特殊口味。若愛吃鹹的麵友，建議味道加鹹，會感覺更加豐厚。,11:30~20:30週日 公休,師大商圈／捷運台電大樓站,#ramentw #台灣拉麵愛好會 #拉麵 #雞白 #雞魚介 #二郎風 #大食 #2019名店,潔西李 - 鹽味大雞二拉麵、醬油大雞二拉麵 https://bit.ly/337U6lc   吳俊青 - 大雞二醬油   http://bit.ly/2LHtq1T   Stars Yang - 鹽味小小雞   http://bit.ly/2wtNejq   
豚人ラ－メン-敦化本店,10688台北市大安區忠孝東路四段170巷5弄10號,於2018年7月2日試營運，10月3日開幕，本店為豚人台灣本店，此店承襲前夢語店面，是來自京都的拉麵店，主要顧客以學生居多，特色是軟嫩叉燒肉與多樣性的麵條，目前提供三種麵條，以及二郎旁系拉麵，深受大食麵友喜愛，詳情可察看下方網友食記。,週日~四 11:30~21:00(L.O 20:30)週五~六 11:30~27:00(L.O 26:30),明曜百貨 / 捷運忠孝敦化站步行3分,#ramentw #台灣拉麵愛好會 #拉麵 #豚骨 #二郎風 #大食 #2019名店,Daidai Huang - 日本昭和風味煮干拉麵   https://bit.ly/309UqBa   Michael Lin - 徹濃豚骨拉麵   https://bit.ly/3gtzo6q   Ayaka Ayatsuji - 徹濃醬油豚骨   https://bit.ly/2CL1JH4   
豚人ラ－メン-復興店,106台北市大安區大安路一段16巷6號,開業於2020年2月14日，來自京都的拉麵店，特色是軟嫩叉燒肉與多樣性的麵條，目前提供三種麵條，以及二郎旁系拉麵，深受大食麵友喜愛，本店的限定味道為辣味鹽豚骨，亦有不少客人喜愛，詳情可察看下方網友食記。,週一 12:00~15:00、17:00~22:00週二 公休週三 17:00~22:00週四 12:00~15:00、17:00~22:00週五~六 12:00~15:00、17:00~26:00週日 12:00~15:00、17:00~22:00,大安路／捷運忠孝復興站步行3分,#ramentw #台灣拉麵愛好會 #拉麵 #豚骨 #二郎風 #限定,黃友廷 - 明太子in醇厚豚骨拉麵   https://bit.ly/3o3rYKz   Michael Lin - 煮干豚骨拉麵   https://bit.ly/2GOxtgf   Chih-Hao Chen - 涼拉麵   https://bit.ly/3mZHI1A   
鳥人拉麵-台灣總店TOTTO Ramen,106台北市大安區復興南路一段107巷5弄9號,來自紐約的雞湯名店，此間為台灣總本店，品項有雞湯、雞湯味噌，與一般少見的，以蔬菜打底的素食拉麵，低溫雞叉燒與一般的豬肉叉燒都相當可口，辣味噌與味噌品項更是適合重口味人士；此外特定營業日其營業時段直至凌晨4點，相當適合晚歸的朋友在凌晨來一碗熱呼呼的拉麵提振心情。,週日~四 : 11:30~22:00週五~六 : 11:30~28:00,微風廣場／捷運忠孝復興站-5號出口,#ramentw #台灣拉麵愛好會 #拉麵 #雞白 #咖哩  #每月17日 #2019名店,Max Lin - 白湯拉麵   https://bit.ly/2PDJuVF   Una Weng - 白湯拉麵   https://bit.ly/2NgtEP0   江元裕 - 白湯拉麵   https://bit.ly/2Nv2IuN   
Totto Ramen 鳥人拉麵-西門店,108台北市萬華區中華路一段114巷3號,來自紐約的雞湯名店，此間為第三家分店，品項有雞湯、雞湯味噌，與一般少見的，以蔬菜打底的素食拉麵，低溫雞叉燒與一般的豬肉叉燒都相當可口，辣味噌與味噌品項更是適合重口味人士；此外特定營業日其營業時段直至凌晨4點，相當適合晚歸的朋友在凌晨來一碗熱呼呼的拉麵提振心情。,週日~一 : 11:30–22:00週五~六 : 11:30–28:00,西門町佳佳唱片行／捷運西門站-6號出口步行2分,#ramentw #台灣拉麵愛好會 #拉麵 #雞白 #咖哩 #2019名店,Chih-Hung Weng - 鳥人蔬菜拉麵   https://bit.ly/2MyQaWQ   陳逸凡 - 鳥人白湯   https://bit.ly/2woCwL8   
Totto Ramen 鳥人拉麵-中山店,無提供地址資訊,來自紐約的雞湯名店，此間為二店，服務的客人大多是以七條通的客人為主，品項有雞湯、雞湯味噌，與一般少見的，以蔬菜打底的素食拉麵，低溫雞叉燒與一般的豬肉叉燒都相當可口，辣味噌與味噌品項更是適合種口味人士；此外特定營業日其營業時段直至凌晨4點，相當適合晚歸的朋友在凌晨來一碗熱呼呼的拉麵提振心情。,週日~一 : 11:30~22:00週二~六 : 11:30~28:00,新光三越台北南西館／捷運中山站-2號出口,#ramentw #台灣拉麵愛好會 #拉麵 #雞白 #咖哩 #素食 #2019名店,Chih-Hung Weng - 鳥人蔬菜拉麵   https://bit.ly/2MyQaWQ   陳逸凡 - 鳥人白湯   https://bit.ly/2woCwL8   
麵屋昕家,114台北市內湖區東湖路24號,開業於2019年9月，修業自麵屋真登，湯頭屬於雞湯系味道舒服和緩的路線，詳情可察看下方網友食記。,週二~四 17:00~20:30週五~日 11:30~13:30、17:00~20:30週一 公休,東湖康寧路／捷運東湖站,#ramentw #台灣拉麵愛好會 #拉麵 #雞白 #雞清 #泡系 #醬油 #限定 #變化,Stars Yang - 雞白湯玉子拉麵 https://bit.ly/353t6Y1   A Hsun Chen - 特製背脂醬油拉麵 https://bit.ly/370IfZJ   蔡旻原 - 醬油拉麵   http://bit.ly/2Ixi4Ox   
橫濱家系ラーメン大和家,106台北市大安區市民大道四段12號,日本發祥台灣初上陸「橫濱家系大和家拉麵」是直營的拉麵連鎖店，在日本目前擁有11家分店，且持續擴大中。“最強家系拉麵”在競爭激烈的日本拉麵市場中，期望以濃厚豚骨醬油湯頭、Q彈中粗直條麵，自豪的橫濱家系大和家拉麵能成為拉麵業界NO.1，因此將滿腔熱血化為文字，朝「家系最強」目標邁進。,11:30–22:30,微風廣場／捷運忠孝復興站,#ramentw #台灣拉麵愛好會 #拉麵 #家系 #豚骨 #每月1號 #每月20號 #2019名店,吳俊青 - 沾麵   https://bit.ly/2MOuIcO   
麵屋一燈 Menya Itto Taiwan,10491台北市中山區南京東路一段29號,來自日本，長年雄霸Ramen DB的名店，其招牌濃厚魚介沾麵沾湯為相當特別的雞骨魚介風味，低溫雞肉叉燒與豬肉叉燒軍軟嫩彈牙而無纖維感，非常可口。其拉麵款式中，最為出眾的則為干貝雞湯拉麵，在一般雞湯湯底的香甜之餘，更可額外加入干貝醬增添醇厚風味。此外，也有當日限定的副食可以加點，均相當有特色。,11:30~21:30,新光三越南西／捷運中山站-2號出口,#ramentw #台灣拉麵愛好會 #拉麵 #沾麵 #雞煮干 #雞魚介 #點餐前加麵免費 #2019名店,Michael Lin - 濃厚魚介沾麵   https://bit.ly/2I16Gxw   Stars Yang - 濃厚魚介拉麵(定番)／金澄幸貝拉麵(定番)／柚香雞湯辛拉麵(限定)   https://bit.ly/2UcacJj   Stars Yang - 濃厚魚介沾麵   https://bit.ly/2BFZ14d   
麵屋一燈Express,10491台北市中山區南京西路14號,開業於2019年11月，位於B2誠品信義美食街，詳情可察看下方網友食記。,11:00~22:00(last order 21:30),誠品信義/捷運市政府站,#ramentw #台灣拉麵愛好會 #拉麵 #沾麵 #雞魚介,由你來寫第一篇   
橫濱家系拉麵 特濃屋,104台北市中山區中山北路二段77巷22號,主打橫濱家系的拉麵，豪邁大海苔和菠菜是特色之一。炸雞是麵友推薦必點項目，所以又有炸雞屋的別稱。,11:30-15:00、17:00-22:00週一公休,林森錢櫃／捷運雙連站,#ramentw #台灣拉麵愛好會 #拉麵 #豚骨 #家系 #辣味 #炸雞 #2019名店,朱禾 - 和風豚骨   DX https://bit.ly/33WP0LW   林英傑 - 叉燒沾麵   https://bit.ly/3c7F2Ix   彭冠華 - 豚骨醬油DX   http://bit.ly/39zbBOW   
墨洋拉麵,無提供地址資訊,於2020年1月18日於公館商圈開業，是屬於台灣少見魚貝系店家，主打貝系醬油風味，限定品項大多皆為海鮮品系，詳情可察看下方網友食記。,週一~五 12:00~14:00 、17:00~21:00週六~日 12:00~14:30 、17:00~21:00,水源市場／捷運公館站,#ramentw #台灣拉麵愛好會 #拉麵 #魚貝 #限定 #變化 #加麵無限免費,吳清宏 - 極上貝貝拉麵   https://bit.ly/30WYKE7   Raven Chen - 柚香貝出汁拉麵 https://bit.ly/35PiPzs   王俊富 - 極上貝貝拉麵   https://bit.ly/3m1WzIv   
麵屋武藏-神山,104台北市中山區中山北路一段121巷18號,"來自日本的品牌，在日本是""動物系""加上""魚介系""雙湯頭的創始名店。神山店延續日本雙湯頭的特色，加上粗麵以及豪邁的大塊炙燒叉燒，為台灣拉麵風潮的開拓者之一，也是屬於深夜食堂之中的名店。",11:30 - 21:30 （Last Order 21:00）深夜食堂：週一～週六　21:30 - 23:30（Last Order 23:00）（深夜食堂每月第二個週二為消毒日暫停營業）,捷運中山站/肥前屋,#ramentw #台灣拉麵愛好會 #拉麵 #沾麵 #豚骨魚介 #布丁 #限定 #變化 #加麵一球免費 #2019名店,Noraneko Park - 「二刀流」雙刀叉燒濃厚魚介拉麵   https://bit.ly/2UvXrZ9   Stars Yang - 味玉塩味拉麵   https://bit.ly/2Ir8CQg   Tsao Ray - 武藏創始味拉麵   https://bit.ly/34h5jUk   
鷹流東京醤油拉麺【蘭丸ranmaru】延吉街店,105台北市松山區延吉街2號,來自鷹流老闆鷹峰涼一，魚介風味的醬油拉麵，湯底有清湯以及濃湯可供選擇，店內使用的是自家製麵的細麵，可以無限加麵，味付玉子(糖心蛋)以及生玉子(生蛋)都是自由捐獻，一個30元起。蘭丸雖然是醬油拉麵，但是口味跟鷹流一樣相當強烈而且豪邁，搭配齒切感十足的細麵以及鮮嫩的叉燒，排隊人潮絡繹不絕，該店也是台灣第一個使用弓削多醬油，以及將叉燒排成肉圈圈的店家，每月29日有特別叉燒增量活動。有別於另一家中山店，本店限定為弓削多生薑醬油拉麵。,11:30–14:00，17:30–21:30,城市舞台／公車美仁里站,#ramentw #台灣拉麵愛好會 #拉麵 #醬油 #豚骨魚介 #加麵一球免費 #每月29號 #2019名店,Michael Lin - 清湯東京醬油叉燒麵   https://bit.ly/35449Mu   徐耀德 - 拌麵   https://bit.ly/2FHbx5Z   Stars Yang - 蘭丸拌麵   https://bit.ly/3hfPot9   
鷹流東京醤油拉麺【蘭丸ranmaru】中山店,無提供地址資訊,來自鷹流老闆鷹峰涼一，魚介風味的醬油拉麵，湯底有清湯以及濃湯可供選擇，店內使用的是自家製麵的細麵，可以無限加麵，味付玉子(糖心蛋)以及生玉子(生蛋)都是自由捐獻，一個30元起。蘭丸雖然是醬油拉麵，但是口味跟鷹流一樣相當強烈而且豪邁，搭配齒切感十足的細麵以及鮮嫩的叉燒，排隊人潮絡繹不絕，該店也是台灣第一個使用弓削多醬油，以及將叉燒排成肉圈圈的店家，每月29日有特別叉燒增量活動。有別於另一家延吉店，本店限定為鹽味拉麵。,11:30–14:00，17:00–22:00,新光三越南西店／捷運中山站,#ramentw #台灣拉麵愛好會 #拉麵 #醬油 #豚骨魚介 #加麵一球免費 #每月29號 #2019名店,Michael Lin - 清湯東京醬油叉燒麵   https://bit.ly/35449Mu   徐耀德 - 拌麵   https://bit.ly/2FHbx5Z   Stars Yang - 蘭丸拌麵   https://bit.ly/3hfPot9   
鳳華拉麵 （らぁ麺 鳳華）,114台北市內湖區內湖路一段411巷6號,開業於2019年9月，店主修業自鷹流，以雞豚湯為主體，並主打泡系雞豚湯拉麵，之後有大更換菜單變成有煮干、豚雞系列。且不定時出現的限定拉麵，讓內湖的麵友們有耳目一新的感覺，亦有肉暴走選項讓肉食系麵友享用，詳情可察看下方網友食記。,週一~五 11:45~14:45、17:30~21:00週日 12:00~15:00、17:30~21:00週六 公休,三商巧福／捷運西湖站,#ramentw #台灣拉麵愛好會 #拉麵 #雞豚白湯 #雞豚清湯 #雞豚煮干 #泡系  #限定',高晉 - 鷄煮干双湯魚介醬油拉麵   https://bit.ly/35xKvIy   谷祖豪 - 煮干雞豚濃湯醬油拉麵   https://bit.ly/3j0FwEF   朱禾 - 泡系雞豚濃湯拉麵   https://bit.ly/345wtvM   
一番星拉麵,"內湖路一段285號 101攤位, 2樓, 內湖區台北市114",位於西湖市場2樓飲食區內，拌麵和醬油為定番，也不定期會推出限定品項，同時由於位於飲食區，座位動線也與一般美食街相若，較為寬敞，詳情請見下方食記。,11:30~14:00、17:30~19:30週六、日 公休會有不定休，請參閱粉專,西湖市場／捷運西湖站-1號出口,#ramentw #台灣拉麵愛好會 #拉麵 #雞湯 #限定 #2019名店,Sky Walker - SP超背脂拉麵 https://bit.ly/36YHdxx   朱禾 - 煮干拉麵   https://bit.ly/31SvK0I   Hsing Chuan Chen - SP超背脂醬油拉麵   https://bit.ly/2GLRtQJ   
鷹流東京豚骨拉麺【極匠gokujoh】公館店,100台北市中正區汀州路三段104巷4號,來自鷹流老闆鷹峰涼一，加入背脂的豚骨濃湯，以及自家製麵的粗麵，可以加麵二球但是加麵只限細麵，味付玉子(糖心蛋)以及生玉子(生蛋)都是自由捐獻，一個30元起。除了濃湯外，還有搭配細麵的博多拉麵，博多拉麵沒有蒜末，但是會加上一匙辣醬，每月29日有特別叉燒增量活動。,11:30–14:30、17:00–21:00,台灣大學／捷運公館站,#ramentw #台灣拉麵愛好會 #拉麵 #豚骨魚介 #加麵一球免費 #每月29號 #2019名店,黃北極 - 濃湯東京豚骨野菜拉麵   https://bit.ly/3acJZ2P   鄭立群 - 濃湯極匠肉肉SP   http://bit.ly/2ODxEJt   吳俊青 - 博多拉麵   http://bit.ly/2vM0znP   
一幻拉麵台北信義店,無提供地址資訊,來自北海道的一幻拉麵，主打鮮蝦湯頭，混合豚骨湯頭，佐以味噌、醬油、鹽味等調味，相當具有特色且適合喜愛蝦味的朋友。,週一到週五：11:00～15:00，17:00～22:30週六日：11:30～15:30，17:00～23:00,Neo19、捷運象山、世貿101、市府站,#ramentw #台灣拉麵愛好會 #拉麵 #豚骨 ＃豚骨蝦  #2019名店,許秩綱-原味鹽味蝦拉麵   http://bit.ly/35dj3fK   廖雪 - 原味鹽味拉麵   https://bit.ly/2JWcOUw   
博多幸龍総本店,10552台北市松山區八德路二段366巷16號,開業於2019年3月，以豚骨湯為主體，是博多一幸舍的子品牌，湯品稠度中等，沒有一幸舍般的豚骨重味，是適合全家人皆可享用的豚骨味覺，麵友們建議本店湯品不建議主動加鹹，將會失去味道的平衡感，詳情可察看下方網友食記。,週一~六 11:00~14:30(L.O14:30)17:00~27:00(L.O 26:30)週日 11:00~21:00,微風廣場,#ramentw #台灣拉麵愛好會 #拉麵 #豚骨 #煽り系 #限定,陳妍蓁 - 鹽味豚骨拉麵、味噌豚骨拉麵   https://bit.ly/3gCL1rc   Stars Yang -味噌拉麵   https://bit.ly/3dzspYb   Tree Chuang - 綠豚骨拉麵   https://bit.ly/35WQfu2   
麵屋壹の穴ichi-沾麵專門店,106台北市大安區復興南路二段350號,預定開業於2019年11月，為壹之穴系列第四間店，一、三、五出咖哩沾麵，二、四、六出煮干沾麵，詳情可察看下方網友食記。,12:00~14:00、17:00~20:00週日 公休,芝加哥比薩,#ramentw #台灣拉麵愛好會 #沾麵 #豚雞 #咖哩 #煮干 #限定,Haruto Kiru - 藤椒宗田出汁冷蕎麥麵   https://bit.ly/3haJGIY   彭浩齊 - 豚雞沾麵肉盛   https://bit.ly/2RpiZWe   莉莉周 - 叉燒沾麵   https://bit.ly/2Wy48MJ   
麵屋 千雲 -Chikumo-,10491台北市中山區林森北路105-1號,開幕於2019年2月，前身為鏡花水月拉麵店，之後轉型為麵屋千雲雞白湯拉麵店，湯內有雞肉丸是其特色，並且每日營業至凌晨3點，是台北市少見的深夜拉麵店。,12:00~15:00、18:00~27:00,麥當勞,#ramentw #台灣拉麵愛好會 #拉麵 #沾麵 #雞白 #雞濃 #2019名店,朱禾 - 魚介招牌雞白湯沾麵   https://bit.ly/3hDTk6t   林俊安 - 雞白湯麵   https://bit.ly/31iUMoQ   Queena Peng - 柚香塩味雞湯拉麵   https://bit.ly/2Agi59c   
一蘭拉麵-台灣台北本店,無提供地址資訊,源自福岡博多的豚骨拉麵，以其在全世界都能維持一貫品質和因地制宜調整而聞名，是全世界數一數二的連鎖拉麵品牌。,全年無休,新光三越A11、捷運市府、象山、世貿101站,#ramentw #台灣拉麵愛好會 #拉麵 #豚骨,黎駿朋 - 拉麵   http://bit.ly/2wBkrcK   Lin Cama-一蘭拉麵   http://bit.ly/2RRoBrS   
一蘭拉麵-台灣台北本店別館,110台北市信義區松壽路11號,源自福岡博多的豚骨拉麵，以其在全世界都能維持一貫品質和因地制宜調整而聞名，是全世界數一數二的連鎖拉麵品牌。,全年無休,新光三越A11、捷運市府、象山、世貿101站,#ramentw #台灣拉麵愛好會 #拉麵 #豚骨,黎駿朋 - 拉麵   http://bit.ly/2wBkrcK   Lin Cama-一蘭拉麵   http://bit.ly/2RRoBrS   
太陽蕃茄拉麵-站前本店,100台北市中正區忠孝西路一段38號凱撤飯店B1F,太陽蕃茄拉麵源自於日本「大阪王將」企業體系中的拉麵業態，「大阪王將」在日本當地及海外已擁有300餐廳以上的EAT&株式會社。品牌誕生的概念是「能保存美味及兼顧身體健康的日式拉麵」，第一家店誕生於2006年在日本東京的錦系町，以東京23區為中心開出17家店，而海外於2012年10月在台灣台北凱撒飯店B1美食廣場開出第一家，目前陸續籌畫展店中。太陽蕃茄拉麵以創新拉麵概念'「美味、美容、健康」，其創新獨特趕在日本及台灣人氣上昇中。,週日~一 11:00–22:00週五~六 11:00–22:30,台北車站／捷運台北車站-M6出口,#ramentw #台灣拉麵愛好會  #拉麵 #雞清 #蕃茄 #義式 #素食 #限定 #變化 #2019名店,Max Cheng - 太陽海味蝦拉麵   https://bit.ly/3eLexf4   高崇堯 - 茄胡麻雞冷麵/ 雞骨白湯鮮蔬拉麵/半麵系列太陽拉麵   https://bit.ly/30m8jvg   Chang Torge - 胡麻豆乳豚肉拉麵／素太陽滑蛋拉麵   https://bit.ly/3a9Apxz   
太陽番茄拉麵-忠孝店,106台北市大安區忠孝東路四段216巷27弄8號,太陽蕃茄拉麵源自於日本「大阪王將」企業體系中的拉麵業態，「大阪王將」在日本當地及海外已擁有300餐廳以上的EAT&株式會社。品牌誕生的概念是「能保存美味及兼顧身體健康的日式拉麵」，第一家店誕生於2006年在日本東京的錦系町，以東京23區為中心開出17家店，而海外於2012年10月在台灣台北凱撒飯店B1美食廣場開出第一家，目前陸續籌畫展店中。太陽蕃茄拉麵以創新拉麵概念'「美味、美容、健康」，其創新獨特趕在日本及台灣人氣上昇中。,11:30–15:00，17:00–21:30週六~周日11:30–21:30,明曜百貨／捷運忠孝敦化站-3號出口,#ramentw #台灣拉麵愛好會 #拉麵 #雞清 #蕃茄 #義式 #素食 #限定 #變化 #2019名店,Max Cheng - 太陽海味蝦拉麵   https://bit.ly/3eLexf4   高崇堯 - 茄胡麻雞冷麵/ 雞骨白湯鮮蔬拉麵/半麵系列太陽拉麵   https://bit.ly/30m8jvg   Max Lin - 太陽滑蛋拉麵   https://bit.ly/2N77zWl   
太陽蕃茄拉麵-誠品信義店,110台北市信義區松高路11號B2,太陽蕃茄拉麵源自於日本「大阪王將」企業體系中的拉麵業態，「大阪王將」在日本當地及海外已擁有300餐廳以上的EAT&株式會社。品牌誕生的概念是「能保存美味及兼顧身體健康的日式拉麵」，第一家店誕生於2006年在日本東京的錦系町，以東京23區為中心開出17家店，而海外於2012年10月在台灣台北凱撒飯店B1美食廣場開出第一家，目前陸續籌畫展店中。太陽蕃茄拉麵以創新拉麵概念'「美味、美容、健康」，其創新獨特趕在日本及台灣人氣上昇中。,11:00–22:00,信義誠品／捷運市政府站-2號出口,#ramentw #台灣拉麵愛好會 #拉麵 #雞清 #蕃茄 #義式 #素食 #限定 #變化 #2019名店,Max Cheng - 太陽海味蝦拉麵   https://bit.ly/3eLexf4   高崇堯 - 茄胡麻雞冷麵/ 雞骨白湯鮮蔬拉麵/半麵系列太陽拉麵   https://bit.ly/30m8jvg   Max Lin - 太陽滑蛋拉麵   https://bit.ly/2N77zWl   
太陽蕃茄拉麵-美麗華店,10491台北市中山區敬業三路20號B1,太陽蕃茄拉麵源自於日本「大阪王將」企業體系中的拉麵業態，「大阪王將」在日本當地及海外已擁有300餐廳以上的EAT&株式會社。品牌誕生的概念是「能保存美味及兼顧身體健康的日式拉麵」，第一家店誕生於2006年在日本東京的錦系町，以東京23區為中心開出17家店，而海外於2012年10月在台灣台北凱撒飯店B1美食廣場開出第一家，目前陸續籌畫展店中。太陽蕃茄拉麵以創新拉麵概念'「美味、美容、健康」，其創新獨特趕在日本及台灣人氣上昇中。,11:00–22:00,美麗華／捷運捷運劍南路站-3號出口,#ramentw #台灣拉麵愛好會 #拉麵 #雞清 #蕃茄 #義式 #素食 #限定 #變化 #2019名店,Max Cheng - 太陽海味蝦拉麵   https://bit.ly/3eLexf4   高崇堯 - 茄胡麻雞冷麵/ 雞骨白湯鮮蔬拉麵/半麵系列太陽拉麵   https://bit.ly/30m8jvg   Max Lin - 太陽滑蛋拉麵   https://bit.ly/2N77zWl   
太陽蕃茄拉麺-大葉髙島屋店,11148台北市士林區忠誠路二段55號,太陽蕃茄拉麵源自於日本「大阪王將」企業體系中的拉麵業態，「大阪王將」在日本當地及海外已擁有300餐廳以上的EAT&株式會社。品牌誕生的概念是「能保存美味及兼顧身體健康的日式拉麵」，第一家店誕生於2006年在日本東京的錦系町，以東京23區為中心開出17家店，而海外於2012年10月在台灣台北凱撒飯店B1美食廣場開出第一家，目前陸續籌畫展店中。太陽蕃茄拉麵以創新拉麵概念'「美味、美容、健康」，其創新獨特趕在日本及台灣人氣上昇中。,11:00-21:30週五~週六11:00-22:00(含國定假日前夕),高島屋,#ramentw #台灣拉麵愛好會 #拉麵 #雞清 #蕃茄 #義式 #素食 #限定 #變化 #2019名店,Max Cheng - 太陽海味蝦拉麵   https://bit.ly/3eLexf4   高崇堯 - 茄胡麻雞冷麵/ 雞骨白湯鮮蔬拉麵/半麵系列太陽拉麵   https://bit.ly/30m8jvg   Max Lin - 太陽滑蛋拉麵   https://bit.ly/2N77zWl   
太陽蕃茄EXPRESS,10491台北市中山區南京西路14號,本店為太陽蕃茄拉麵的子品牌，於2020年10月7日，開設於南港中國信託金融園區C棟3F。主打快速出餐服務。▎鄰近地標或大眾運輸：誠品南西店／捷運中山站,,誠品南西店／捷運中山站▎營業時間：11:00~21:30,#ramentw #台灣拉麵愛好會 #拉麵 #雞清 #蕃茄 #義式 #素食 #變化 #2019名店,可參考太陽蕃茄拉麵相關食記   
ラーメン凪 Ramen Nagi-大直店,10491台北市中山區樂群三路301號2樓,用拉麵跟全世界交朋友『ラーメン凪(Nagi)』豚骨拉麵在日本連年獲TRY拉麵大賞與各大拉麵評鑑冠軍，生田主廚憑藉著對拉麵的熱誠，堅持Nagi Spirit is a bridge to the world精神，希望能藉由Nagi讓全世界都愛上日本拉麵。經典四大天王 - 豚王、赤王、翠王、黑王，款款迷人，各擅勝場！每週限定王 - 每週推出一種口味拉麵，讓人驚喜,週日~四 11:30 - 21:30(最晚供餐時間:21:00)週五~六 11:30 - 22:00(最晚供餐時間:21:30),大直美麗華／捷運劍南路站,#ramentw #台灣拉麵愛好會 #拉麵 #豚骨 #辣味#限定 #2019名店,洪宥名 - 赤王   https://bit.ly/32m7y6t   朱禾 - 咖哩王   https://bit.ly/2Z6XNbM   大頭小寶 - 麥迪王 乾+湯   https://bit.ly/3173gRw   
ラーメン凪 Ramen Nagi-西門店,108台北市萬華區漢中街52號6樓,用拉麵跟全世界交朋友『ラーメン凪(Nagi)』豚骨拉麵在日本連年獲TRY拉麵大賞與各大拉麵評鑑冠軍，生田主廚憑藉著對拉麵的熱誠，堅持Nagi Spirit is a bridge to the world精神，希望能藉由Nagi讓全世界都愛上日本拉麵。經典四大天王 - 豚王、赤王、翠王、黑王，款款迷人，各擅勝場！每週限定王 - 每週推出一種口味拉麵，讓人驚喜,11:30 - 21:30,西門町商圈／捷運西門站,#ramentw #台灣拉麵愛好會 #拉麵 #豚骨 #辣味#限定 #2019名店,洪宥名 - 赤王   https://bit.ly/32m7y6t   朱禾 - 咖哩限定王   https://bit.ly/2Z6XNbM   大頭小寶 - 麥迪王 乾+湯   https://bit.ly/3173gRw   
ラーメン凪 Ramen Nagi-天母店,111台北市士林區天母東路50巷10弄2號,用拉麵跟全世界交朋友『ラーメン凪(Nagi)』豚骨拉麵在日本連年獲TRY拉麵大賞與各大拉麵評鑑冠軍，生田主廚憑藉著對拉麵的熱誠，堅持Nagi Spirit is a bridge to the world精神，希望能藉由Nagi讓全世界都愛上日本拉麵。經典四大天王 - 豚王、赤王、翠王、黑王，款款迷人，各擅勝場！每週限定王 - 每週推出一種口味拉麵，讓人驚喜,周日~四 11:30 - 21:30(最晚供餐時間:21:00)週五~六 11:30 - 22:00(最晚供餐時間:21:30),天母東路／新光三越天母店,#ramentw #台灣拉麵愛好會 #拉麵 #豚骨 #辣味#限定 #2019名店,洪宥名 - 赤王   https://bit.ly/32m7y6t   大頭小寶 - 麥迪王 乾+湯   https://bit.ly/3173gRw   Sky Walker - 綠咖哩王(限定   https://bit.ly/3cF2r4   
ラーメン凪 Ramen Nagi-忠孝店,"1, No. 5號大安路一段75巷大安區台北市106",用拉麵跟全世界交朋友『ラーメン凪(Nagi)』豚骨拉麵在日本連年獲TRY拉麵大賞與各大拉麵評鑑冠軍，生田主廚憑藉著對拉麵的熱誠，堅持Nagi Spirit is a bridge to the world精神，希望能藉由Nagi讓全世界都愛上日本拉麵。經典四大天王 - 豚王、赤王、翠王、黑王，款款迷人，各擅勝場！每週限定王 - 每週推出一種口味拉麵，讓人驚喜,周日~四 11:30 - 22:00(最晚供餐時間:21:30)週五~六 11:30 - 22:30(最晚供餐時間:22:00),東區商圈／捷運忠孝復興站,#ramentw #台灣拉麵愛好會 #拉麵 #豚骨 #辣味#限定 #2019名店,洪宥名 - 赤王   https://bit.ly/32m7y6t   大頭小寶 - 麥迪王 乾+湯   https://bit.ly/3173gRw   Sky Walker - 綠咖哩王(限定   https://bit.ly/3cF2r4   
ラーメン凪 Ramen Nagi-信義店,110台北市信義區松壽路22號2樓,用拉麵跟全世界交朋友『ラーメン凪(Nagi)』豚骨拉麵在日本連年獲TRY拉麵大賞與各大拉麵評鑑冠軍，生田主廚憑藉著對拉麵的熱誠，堅持Nagi Spirit is a bridge to the world精神，希望能藉由Nagi讓全世界都愛上日本拉麵。經典四大天王 - 豚王、赤王、翠王、黑王，款款迷人，各擅勝場！每週限定王 - 每週推出一種口味拉麵，讓人驚喜,周日~四 11:30 - 22:00(最晚供餐時間:21:30)週五~六 11:30 - 22:30(最晚供餐時間:22:00),Neo19／台北市政府,#ramentw #台灣拉麵愛好會 #拉麵 #豚骨 #辣味#限定 #2019名店 #外送,洪宥名 - 赤王   https://bit.ly/32m7y6t   大頭小寶 - 麥迪王 乾+湯   https://bit.ly/3173gRw   Sky Walker - 綠咖哩王(限定   https://bit.ly/3cF2r4   
鷹流東京涼麺・油そば本舗【涼風庵Ryofuh-An】,110台北市信義區忠孝東路五段183號,來自鷹流老闆鷹峰涼一，店內品項為油拌麵及涼麵，店內還有類似subway的配料吧檯可供顧客自行挑選喜愛的配料。涼麵有胡麻跟醬油兩種醬底選擇，麵條可選冷、熱，二者各有不同的咀嚼風格。店內提供外帶。,週一~日 : 17:00–23:00星期五、六 中午營業,微風松高／捷運市政府站,#ramentw #台灣拉麵愛好會 #油拌麵 #每月29號 #2019名店,王宇璋 - 九鬼胡麻肉三種盛り   https://bit.ly/3jhlSVr   CanCan Lu - 九鬼胡麻三種肉盛リ涼麵 https://bit.ly/2NaWZfm   Raven Chen - 大蒜ニンニク塩油そば   https://bit.ly/3a1xCWe   
鶏そば本舗【梓山azusayama】,104台北市中山區晴光市場,開業於2019年9月，是鷹流系列的雞白湯拉麵店(鶏そば本舗)，亦有99元雞清湯拉麵可供選擇，詳情可察看下方網友食記。,週一~五 11:30~14:00、18:00~22:00(Last Order 21:30)週六~日 18:00~22:00(Last Order 21:30),晴光市場,#ramentw #台灣拉麵愛好會 #拉麵 #雞清 #雞白 #每月29號,蔡承澔 - 玉米雞濃湯   https://bit.ly/3mOjtlX   Austan Wang - 白雞麵sp   https://bit.ly/2OoENQ5   Hsing Chuan Chen - 背脂煮干拉麵   https://bit.ly/2Wlzq7B   
北一家 食事処,114台北市內湖區江南街71巷16弄38號,2019年4月，於現址重新開幕。2020年7月30日，將煽り系風味從招牌移除。2020年8月18日復業並更名為北一家 食事処，雖不強調煽り系，但在製程上保留煽り系製作方式。本店是屬於北海道風格的拉麵，由於出餐的製程繁複，等候需一段時間，建議可在餐期前提早排隊用餐，才有可能吃到，詳情可察看下方網友食記。,17:30~20:30週一 公休,文德3號公園旁,#ramentw #台灣拉麵愛好會 #拉麵 #味噌,林子傑 - 鹽味清湯拉麵   https://bit.ly/31hKAOJ   大頭小寶 - 魚介風味味噌拉麵   https://bit.ly/3hLx7DV   林英傑 - 醬油拉麵   https://bit.ly/2YXORWc   
東京油組総本店 台北敦南組,106台北市大安區敦化南路一段236巷5號,來自日本的店家，由台灣頂呱呱代理，有多種配料可供選擇的拌麵專賣店，可自行組合拌麵內的調味是吃油組的樂趣之一，味感繽紛且獨特，對喜愛拌麵的朋友是好選擇。,11:30 - 22:00,SOGO敦南／捷運忠孝復興、忠孝敦化站間,#ramentw #台灣拉麵愛好會 #油拌麵 #醬油 #味噌 #每月5號 #2019名店,Wanyu Chen - 招牌醬油油麵   https://bit.ly/2Zwevlm   Yu-Ro Tsai - 辣味味噌油麵   https://bit.ly/2DQvAxI   Max Lin - 醬油油麵   https://bit.ly/2P9lI2w   
東京油組總本店 台北華山組,100台北市中正區忠孝東路一段140號,來自日本的店家，由台灣頂呱呱代理，有多種配料可供選擇的拌麵專賣店，可自行組合拌麵內的調味是吃油組的樂趣之一，味感繽紛且獨特，對喜愛拌麵的朋友是好選擇。,11:30 - 22:00,光華商場／捷運善導寺站、忠孝新生站間,#ramentw #台灣拉麵愛好會 #油拌麵 #醬油 #味噌 #每月5號 #2019名店,Wanyu Chen - 招牌醬油油麵   https://bit.ly/2Zwevlm   Yu-Ro Tsai - 辣味味噌油麵   https://bit.ly/2DQvAxI   Stars Yang - 醬油油麵   https://bit.ly/2ocUKLY   
小川拉麺専門店 台灣分店,106台北市大安區復興南路二段190號,源自日本的品牌，主打直拳豚骨湯頭、自家製麵。湯頭相當濃厚，但無論是湯頭濃淡、油量、麵條軟硬度都能按照個人喜好調整，適合豚骨拉麵的愛好者。,11:30-14:30、17:30-21:00週一 公休,捷運科技大樓站、科技部,#ramentw #台灣拉麵愛好會 #拉麵 #豚骨 #豚清 #辣味 #2019名店,Is Amy - 豚骨拉麵   https://bit.ly/36aviMR   Zhanyao Zhang - 味玉W叉燒拉麵 https://bit.ly/2I6JnTA   朱禾 - 豚骨味玉拉麵   https://bit.ly/2x6CWds   
鷹流東京蝦拉麺【小桜koharu】,105台北市松山區八德路三段76號,開幕於2018年11月，位於中崙市場2樓，是鷹流系列店家中，專攻蝦風味的店家，每日各品項採限量發售，皆獲得麵友們不錯的好評，若需攻略本店的麵友，由於店家無準備水，建議帶瓶水或飲料過去，以便舒緩味覺。,18:00–20:00,中崙市場,#ramentw #台灣拉麵愛好會 #拉麵 #雞白 #雞濃 #雞蝦 #每月29號 #2019名店,David Fan - 蝦雞白湯SP、極！蝦油拌麵   http://bit.ly/2NetTfr   劉劉穎 - 濃厚雞白湯蝦拉麵SP   http://bit.ly/2zhdIXT   Queena Peng－蝦雞白湯拉麵／濃厚蝦雞白湯味噌拉麵（限定）   http://bit.ly/2KWpbUT   
屯京拉麵-忠孝敦化店,無提供地址資訊,1992年源自東京池袋開店，主打是以豬大骨為基礎，加上雞腳等素材，再調入特製秘方的香濃醬油所組成的東京豚骨拉麵。主打平價及CP值，香酥的炸雞也是該店的一大特色。在台北、台南、高雄皆有分店。,11：00〜23：00,統領百貨／捷運忠孝敦化站-1號出口步行2分,#ramentw #台灣拉麵愛好會 #拉麵 #沾麵 #豚骨 #炸雞 #點餐前加麵免費 #2019名店,YenYu Chen - 魚介叉燒拉麵   http://bit.ly/2mwBYi0   許嘉欽 - 超值東京豚骨拉麵   http://bit.ly/2Lctuv6   
屯京拉麵-站前店,100台北市中正區忠孝西路一段38號B1,1992年源自東京池袋開店，主打是以豬大骨為基礎，加上雞腳等素材，再調入特製秘方的香濃醬油所組成的東京豚骨拉麵。主打平價及CP值，香酥的炸雞也是該店的一大特色。在台北、台南、高雄皆有分店。,週日-四: 11:00〜22:00週五-六: 11:00〜22:30,凱撒大飯店B1／捷運台北車站-M6出口步行2分,#ramentw #台灣拉麵愛好會 #拉麵 #沾麵 #豚骨 #炸雞 #點餐前加麵免費 #2019名店,YenYu Chen - 魚介叉燒拉麵   http://bit.ly/2mwBYi0   許嘉欽 - 超值東京豚骨拉麵   http://bit.ly/2Lctuv6   
屯京拉麵-中山店,無提供地址資訊,1992年源自東京池袋開店，主打是以豬大骨為基礎，加上雞腳等素材，再調入特製秘方的香濃醬油所組成的東京豚骨拉麵。主打平價及CP值，香酥的炸雞也是該店的一大特色。在台北、台南、高雄皆有分店。,11：00〜23：00,玉山銀行／捷運中山站-2號出口步行5分,#ramentw #台灣拉麵愛好會 #拉麵 #沾麵 #豚骨 #炸雞 #點餐前加麵免費 #2019名店,YenYu Chen - 魚介叉燒拉麵   http://bit.ly/2mwBYi0   許嘉欽 - 超值東京豚骨拉麵   http://bit.ly/2Lctuv6   
屯京拉麵-新光三越A8館,無提供地址資訊,1992年源自東京池袋開店，主打是以豬大骨為基礎，加上雞腳等素材，再調入特製秘方的香濃醬油所組成的東京豚骨拉麵。主打平價及CP值，香酥的炸雞也是該店的一大特色。在台北、台南、高雄皆有分店。,一般日: 11：00～21：30假日前一天: 11：00～22：00,新光三越A8 B2／捷運市府站-3號出口,#ramentw #台灣拉麵愛好會 #拉麵 #沾麵 #豚骨 #炸雞 #點餐前加麵免費 #2019名店,YenYu Chen - 魚介叉燒拉麵   http://bit.ly/2mwBYi0   許嘉欽 - 超值東京豚骨拉麵   http://bit.ly/2Lctuv6   
重熙老麵,100台北市中正區廣州街8巷7號,主打溫和濃厚的雞白湯拉麵，湯底使用老母雞和雞腳、蔬菜熬煮而成，味道相當濃郁且香氣十足。麵體是捲麵，隨麵會附上櫻花蝦油和蒜酥，雞湯燉飯也相當優秀。,12:00-14:30、17:30-21:30週日 公休,捷運小南門站、植物園,#ramentw #台灣拉麵愛好會 #拉麵 #雞濃白 ,江元裕 - 雞濃白湯老麵   http://bit.ly/2PRxyzG   邱炳憲 - 雞濃白湯老麵   http://bit.ly/2NzeAMF   
重熙老麵-樂利店,106台北市大安區樂利路86巷6號,本店開幕於2019年3月。主打溫和濃厚的雞白湯拉麵，湯底使用老母雞和雞腳、蔬菜熬煮而成，味道相當濃郁且香氣十足。麵體是捲麵，隨麵會附上櫻花蝦油和蒜酥，雞湯燉飯也相當優秀。,週一-六 12:00-14:20，17:30-21:20週日 12:00-14:15，17:30-21:15 ,六張犂、樂利路,#ramentw #台灣拉麵愛好會 #拉麵 #雞濃白,江元裕 - 雞濃白湯老麵   http://bit.ly/2PRxyzG   邱炳憲 - 雞濃白湯老麵   http://bit.ly/2NzeAMF   
京都柚子豚骨拉麵研究中心,10491台北市中山區長安西路19巷2弄23-1號,開業於2020年7月13日，來自日本的よってこや，由王座集團下的大阪王將所代理，與太陽的蕃茄麵同集團，湯頭以豚雞湯為主體，來自京都的柚子是本店的招牌味道，詳情可察看下方網友食記。,11:30~15:00，17:00~20:30,誠品中山館／捷運中山站,#ramentw #台灣拉麵愛好會 #拉麵 #豚骨 #柚子,Faust Alastair - 發明一號   https://bit.ly/3fwhVe5   Raven Chen - 發明1號   https://bit.ly/3ptXpzv   邱邱比 - 柚子胡椒味豚骨   https://bit.ly/3j0HZip   
半熟堂 Hanjukudo Taiwan,106台北市大安區敦化南路一段190巷32號,開業於2018年10月，以庶民食堂為主軸的店家，店內販售飯食和拉麵，首波販售魚爆拉麵，店內亦有販售麵食組合，客戶可以使用一個價格享受二種風味，對愛嚐鮮的朋友十分划算，詳情可察看下方網友食記。,週一~四 11:30~14:00，17:30~20:30週五 11:30~14:00，17:30~21:00週六 11:30~21:00週日 11:30~20:30,中心診所 / 捷運忠孝復興站步行4分,#ramentw #台灣拉麵愛好會 #拉麵 #豚骨 #豚骨魚介 #雞清湯 #蒟蒻麵 #每月15日 #2019名店,莊家豪 - 魚介醬油叉燒拉麵   http://bit.ly/2IJMiPU   吳品蓉 - 健康蔬菜拉麵／豚骨醬油拉麵／名古屋半熟拌麵   http://bit.ly/2UPsCkZ   Otis Huang - 豚骨醬油拉麵   https://bit.ly/2ZFmauf   
麵屋 緣enishi 京都餘香台北分店,106台北市大安區敦化南路二段81巷45弄12號1樓,來自於京都的拉麵店，隱身於台北巷弄內，餐點則為高雅的豚骨魚介，店內座位均為吧檯，可以親炙主廚風采，同時其店內甜點亦相當出色，諸如抹茶布丁、熔岩巧克力等，都是內外兼具的一品。,週二~五 11:30–14:30、17:30–21:00週六、日12:00–15:00、17:00–21:00,捷運信義安和站 - 2號出口,#ramentw #台灣拉麵愛好會 #拉麵 #沾麵 #豚骨 #豚骨魚介 #2019名店,Bill Chang - 咖哩湯麵   https://bit.ly/3b4h4gJ   吳俊青 - 冷製蕃茄沾麵   https://bit.ly/2NfJkFD   吳俊青 - 豚骨魚介湯麵   https://bit.ly/2wAdzgL   
麵屋一番-社子店,111台北市士林區社中街2-32號,於2020年2月開業，以雞白湯為主軸，原味味道清爽，若需加鹹，請與店家先行告知，詳情可察看下方網友食記。,17:00~22:00,社子夜市,#ramentw #台灣拉麵愛好會 #拉麵 #雞白 #咖哩 #CP值,谷祖豪 - 蛤蠣雞湯拉麵   https://bit.ly/2Goyag2   Stars Yang - 咖哩雞白湯拉麵   https://bit.ly/373phDH   丁閎 - 雞白湯拉麵   https://bit.ly/3kJoBrn   
麵屋秋匠,無提供地址資訊,開業於2019年12月，湯底為牛骨系，味道偏向淡麗風格，亦有販售豚骨系與咖哩飯，詳情可察看下方網友食記。,11:30~14:00，17:30~21:00週日 公休,尚咖啡／捷運忠孝復興站,#ramentw #台灣拉麵愛好會 #拉麵 #牛骨 #牛骨魚介 #豚骨,Yuan Cheng - 醬油拉麵   https://bit.ly/3iXMcTi   Stars Yang - 醬油拉麵   https://bit.ly/2GFGJTJ   Elvis Hsu - 蝦味拉麵／醬油拉麵   https://bit.ly/3javL6U   
麵屋輝,"No. 8-1號, 伊通街中山區台北市104",2019年9月復業，來自大阪的魚介豚骨拉麵，鄰近伊通公園，店內環境淨雅，若有清閒，用餐後，也可於附近的袖珍博物館、伊通公園等逛逛，都是不錯的飯後休憩地。,11:30~14:00，17:30~21:00,伊通公園／捷運松江南京站-4號出口,#ramentw #台灣拉麵愛好會 #拉麵 #沾麵 #豚骨 #豚骨魚介,Stars Yang - 魚介豚骨沾麵   https://bit.ly/3b16vwI   朱禾 - 叉燒沾麵   https://bit.ly/3grWU4t   Raven Chen - 乾担担麵   http://bit.ly/2TcpexW   
美濃屋拉麵,無提供地址資訊,日本喜多方拉麵-台北第一家分店，鄰近林森北路七條通區域，老闆娘親赴日本學習當地拉麵，並參加當地老麵會推廣組織，是台北市推廣日式拉麵(非使用業務湯頭)的先驅，不時有日本客人來店，給人一種日本居酒屋式的溫馨。,週二~五 17:00~24:00週六 12:00~24:00週日 12:00~22:00週一 公休,新生北路／好駐旅館,#ramentw台北 #台灣拉麵愛好會 #拉麵 #喜多方,朱禾 - 喜多方醬油叉燒拉麵   https://bit.ly/3km3zxN   Sky Walker - 叉燒味噌拉麵   https://bit.ly/2APpMn1   Candy Yang : 喜多方拉麵   http://bit.ly/2osvKk8   
麵屋牛一,106台北市大安區敦化南路1段151號1樓,風格為台日混合，湯頭濃郁，是碗很像拉麵的牛肉麵，層次豐富，以雞骨熬湯為湯頭主體，內容物豐富，再加上個人化食用空間，是間用餐風格印象深刻的拉麵店。,週日~四 12:00-21:00週五~六 12:00-21:30,捷運忠孝敦化站,#ramentw #台灣拉麵愛好會 #拉麵 #雞湯 #牛骨 #限定,Sky Walker - 胡麻味噌紅牛油麵   http://bit.ly/30e2nEg   林佳佳 - 紅燒雞骨牛肉麵、清燉雞骨牛肉麵   http://bit.ly/2xGMaKw   
富山天滿,103台北市大同區民族西路223之2號,開業於2019年3月，前身是富園日式料理，湯頭以豚骨湯為主體，並加上堅果做為湯體的厚度層次，湯味為台日混合風格，價格平實，深受附近居民喜愛，詳情可察看下方網友食記。,11:00~14:00、17:00~21:00,大龍峒、延三夜市,#ramentw #台灣拉麵愛好會 #拉麵 #豚骨 #堅果,黃宣蒲 - 堅果叉燒拉麵／檜木煙燻牛舌拉麵   https://bit.ly/2SvbGgi   Max Cheng - 堅果叉燒拉麵   https://bit.ly/2xqLNqH   Raven Chen - 堅果叉燒拉麵   https://bit.ly/2Xd2n7T   
一風堂-中山本店,無提供地址資訊,一風堂成立於 1985 年，發源自博多。創業者河原成美打造出貼心、溫暖且充滿活力的用餐氣氛，從此顛覆了日本拉麵文化。2008 年起，一風堂陸續在紐約、新加坡、首爾、香港等地開店，成立之初即為當地拉麵市場帶來一番新氣象。時至今日，一風堂仍以拉麵界的先驅之姿，在全球掀起陣陣旋風。,週一至週日 11:30 - 24:00(閉店前30分鐘為最後點餐)(四人以上可接受預約),台北當代藝術館／捷運中山站,#ramentw #台灣拉麵愛好會 #拉麵 #豚骨,Nora Neko - 京都黑醬油拉麵(限定)   https://bit.ly/2KS5cS9   David Lai - 海老沾麵(限定)   https://bit.ly/2OyV3Ms   Daxon Tsai - 海老沾麵(限定)   https://bit.ly/2PaoNAi   
一風堂-新光三越店A8館,無提供地址資訊,一風堂成立於 1985 年，發源自博多。創業者河原成美打造出貼心、溫暖且充滿活力的用餐氣氛，從此顛覆了日本拉麵文化。2008 年起，一風堂陸續在紐約、新加坡、首爾、香港等地開店，成立之初即為當地拉麵市場帶來一番新氣象。時至今日，一風堂仍以拉麵界的先驅之姿，在全球掀起陣陣旋風。,週日~週四 11:00 - 21:30週五、週六(假日前)11:00 - 22:00(閉店前30分鐘為最後點餐),新光三越A8／捷運市府站,#ramentw #台灣拉麵愛好會 #拉麵 #豚骨,Nora Neko - 京都黑醬油拉麵(限定)   https://bit.ly/2KS5cS9   David Lai - 海老沾麵(限定)   https://bit.ly/2OyV3Ms   Daxon Tsai - 海老沾麵(限定)   https://bit.ly/2PaoNAi   
一風堂-微風台北車站店,無提供地址資訊,一風堂成立於 1985 年，發源自博多。創業者河原成美打造出貼心、溫暖且充滿活力的用餐氣氛，從此顛覆了日本拉麵文化。2008 年起，一風堂陸續在紐約、新加坡、首爾、香港等地開店，成立之初即為當地拉麵市場帶來一番新氣象。時至今日，一風堂仍以拉麵界的先驅之姿，在全球掀起陣陣旋風。,週一至週日 10:00 - 22:00(閉店前30分鐘為最後點餐),台北車站,#ramentw #台灣拉麵愛好會 #拉麵 #豚骨,Nora Neko - 京都黑醬油拉麵(限定)   https://bit.ly/2KS5cS9   David Lai - 海老沾麵(限定)   https://bit.ly/2OyV3Ms   Daxon Tsai - 海老沾麵(限定)   https://bit.ly/2PaoNAi   
一風堂-微風中研院店,115台北市南港區中研里,一風堂成立於 1985 年，發源自博多。創業者河原成美打造出貼心、溫暖且充滿活力的用餐氣氛，從此顛覆了日本拉麵文化。2008 年起，一風堂陸續在紐約、新加坡、首爾、香港等地開店，成立之初即為當地拉麵市場帶來一番新氣象。時至今日，一風堂仍以拉麵界的先驅之姿，在全球掀起陣陣旋風。,11:00～20:30（Last Order20:00）,中研院學術活動中心,#ramentw #台灣拉麵愛好會 #拉麵 #豚骨,Nora Neko - 京都黑醬油拉麵(限定)   https://bit.ly/2KS5cS9   David Lai - 海老沾麵(限定)   https://bit.ly/2OyV3Ms   Daxon Tsai - 海老沾麵(限定)   https://bit.ly/2PaoNAi   
一風堂EXPRESS-微風南山,無提供地址資訊,此店位於微風南山B2。一風堂成立於 1985 年，發源自博多。創業者河原成美打造出貼心、溫暖且充滿活力的用餐氣氛，從此顛覆了日本拉麵文化。2008 年起，一風堂陸續在紐約、新加坡、首爾、香港等地開店，成立之初即為當地拉麵市場帶來一番新氣象。時至今日，一風堂仍以拉麵界的先驅之姿，在全球掀起陣陣旋風。,11:00-22:00(21:30last order),微風南山,#ramentw #台灣拉麵愛好會 #拉麵 #豚骨,由你來寫第一篇   
Le Ming 麵食精釀餐酒館-中山店,無提供地址資訊,開業於2020年5月，店主插旗中山拉麵戰區，本店的湯體是使用西式手法調理並以干貝雞湯為主體，是目前少見以魚介雞湯系為主的拉麵店，店內亦有販售沾麵及啤酒，詳情可察看下方網友食記。,17:30~22:00,屯京拉麵,#ramentw #台灣拉麵愛好會 #拉麵 #沾麵 #雞白 #干貝雞 #可訂位 ,何柏賢 - 松露干貝雞拉麵   https://bit.ly/3i3nsbF   Yu-Ro Tsai - 干貝松露雞拉麵   https://bit.ly/3hwYBgW   CiaoXuan Lin - 松露干貝雞湯拉麵   https://bit.ly/2YOc5OQ   
樂麵屋-永康店,無提供地址資訊,樂麵屋是台灣第一家讓客人選擇自己喜歡口味的拉麵店，讓客人覺得吃完麵之後覺得滿足又幸福是我們唯一的目標，所以我們在各個環節都用最龜毛的方式去做！,11:30~21:00 (Last Order 20:30),永康商圈／捷運東門站-4號出口,#ramentw #台灣拉麵愛好會 #拉麵 #豚骨 #無限免費加麵 #限定,Cama Lin - 二郎風蒜味拉麵   https://bit.ly/3ktQW55   Shih-Yao Lin - 綜合赤味增   https://bit.ly/2OGrt7D   
樂麵屋-永康公園店,106台北市大安區永康街10巷3號,樂麵屋是台灣第一家讓客人選擇自己喜歡口味的拉麵店，讓客人覺得吃完麵之後覺得滿足又幸福是我們唯一的目標，所以我們在各個環節都用最龜毛的方式去做！,週日~四 11:30~21:00 (Last Order 20:30)週五~六 11:30~21:30 (Last Order 21:00),永康商圈／捷運東門站-4號出口,#ramentw #台灣拉麵愛好會 #拉麵 #豚骨 #無限免費加麵 #限定,Shih-Yao Lin - 綜合赤味增   https://bit.ly/2OGrt7D   
樂麵屋-西門店,108台北市萬華區昆明街25號,公司創立於2006年，樂麵店目前有六家店，本店位於西門町鬧區，主打日式湯頭、無限加麵。大部份麵友們的評價評斷此間湯頭偏台日混合豚骨，加上不定時推出的限定麵食，深受學生以及上班族喜愛，本店限定是二郎風拉麵，詳情可察看下方網友食記。,11:00–21:30(Last Order 21:00),板橋車站／板橋捷運站步行1分,#ramentw #台灣拉麵愛好會 #拉麵 #豚骨 #無限加麵 #二郎風,Cama Lin - 二郎風蒜味拉麵   https://bit.ly/3ktQW55   
樂麵屋-南港中信店,115台北市南港区经贸二路166號中國信託金融園區A棟2樓,樂麵屋是台灣第一家讓客人選擇自己喜歡口味的拉麵店，讓客人覺得吃完麵之後覺得滿足又幸福是我們唯一的目標，所以我們在各個環節都用最龜毛的方式去做！,11:30-21:00(Last Order 20:30),中國信託金融園區／捷運南港軟體園區站-2號出口,#ramentw #台灣拉麵愛好會 #拉麵 #豚骨 #無限免費加麵 #限定,Max Lin - 厚豚煮干醬油拉麵   https://bit.ly/2vLQAyV   
花月嵐-西門武昌店,無提供地址資訊,主打為大蒜拳骨拉麵（或是炒飯），全台分店眾多且口味穩定一致，至今仍不斷推出許多限定拉麵是特色之一。桌上配菜辣韭菜是相當受到喜愛，炒飯更是麵友推薦必點項目，所以又有炒飯才是本體的傳說。,週日至週四: 11:00–22:00週五至週六: 11:00–23:00,西門町／捷運西門站-6號出口,#ramentw #台灣拉麵愛好會 #拉麵 #豚骨 #大蒜 #限定 #炒飯,孫麗瑩 - 叉燒加量原湯拉麵   http://bit.ly/2MHQIGe   林致群 - 大蒜拳骨拉麵   http://bit.ly/2uLLdyo   黃傑夫 - 紅魔鬼大蒜味噌担担麵   https://bit.ly/2qDINA3   
花月嵐-信義威秀店,無提供地址資訊,主打為大蒜拳骨拉麵（或是炒飯），全台分店眾多且口味穩定一致，至今仍不斷推出許多限定拉麵是特色之一。桌上配菜辣韭菜是相當受到喜愛，炒飯更是麵友推薦必點項目，所以又有炒飯才是本體的傳說。,週一至週五: 11:00–22:00週六至週日: 10:00–23:00,信義威秀／捷運市政府站、台北101世貿站-5號出口,#ramentw #台灣拉麵愛好會 #拉麵 #豚骨 #大蒜 #限定 #炒飯,孫麗瑩 - 叉燒加量原湯拉麵   http://bit.ly/2MHQIGe   林致群 - 大蒜拳骨拉麵   http://bit.ly/2uLLdyo   黃傑夫 - 紅魔鬼大蒜味噌担担麵   https://bit.ly/2qDINA3   
花月嵐-松山車站店,無提供地址資訊,主打為大蒜拳骨拉麵（或是炒飯），全台分店眾多且口味穩定一致，至今仍不斷推出許多限定拉麵是特色之一。桌上配菜辣韭菜是相當受到喜愛，炒飯更是麵友推薦必點項目，所以又有炒飯才是本體的傳說。,11:00–21:00,松山車站／捷運松山站-4號出口、台鐵松山站,#ramentw #台灣拉麵愛好會 #拉麵 #豚骨 #大蒜 #限定 #炒飯,孫麗瑩 - 叉燒加量原湯拉麵   http://bit.ly/2MHQIGe   林致群 - 大蒜拳骨拉麵   http://bit.ly/2uLLdyo   黃傑夫 - 紅魔鬼大蒜味噌担担麵   https://bit.ly/2qDINA3   
花月嵐 內湖大潤發店,無提供地址資訊,主打為大蒜拳骨拉麵（或是炒飯），全台分店眾多且口味穩定一致，至今仍不斷推出許多限定拉麵是特色之一。桌上配菜辣韭菜是相當受到喜愛，炒飯更是麵友推薦必點項目，所以又有炒飯才是本體的傳說。,11:00–21:00,台北花市/公車新湖三路口站,#ramentw #台灣拉麵愛好會 #拉麵 #豚骨 #大蒜 #限定 #炒飯,孫麗瑩 - 叉燒加量原湯拉麵   http://bit.ly/2MHQIGe   林致群 - 大蒜拳骨拉麵   http://bit.ly/2uLLdyo   黃傑夫 - 紅魔鬼大蒜味噌担担麵   https://bit.ly/2qDINA3   
花月嵐 台北凱撒店,無提供地址資訊,主打為大蒜拳骨拉麵（或是炒飯），全台分店眾多且口味穩定一致，至今仍不斷推出許多限定拉麵是特色之一。桌上配菜辣韭菜是相當受到喜愛，炒飯更是麵友推薦必點項目，所以又有炒飯才是本體的傳說。,週日至週四: 11:00–22:00週五至週六: 11:00–22:30,凱撒大飯店／台北車站-M6出口,#ramentw #台灣拉麵愛好會 #拉麵 #豚骨 #大蒜 #限定 #炒飯,孫麗瑩 - 叉燒加量原湯拉麵   http://bit.ly/2MHQIGe   林致群 - 大蒜拳骨拉麵   http://bit.ly/2uLLdyo   黃傑夫 - 紅魔鬼大蒜味噌担担麵   https://bit.ly/2qDINA3   
力量拉麵 (仁愛創始店),106台北市大安區仁愛路四段48巷30-1號,開業於2018年7月，港式煲湯手法、以藥饍入湯的創意拉麵店家，湯底呈古早豚骨濃厚味覺，此店亦有雞白湯可嘗試，詳情可察看下方網友食記。,11:30–15:00、17:00–21:30週日 未營業,仁愛醫院步行3分,#ramentw #台灣拉麵愛好會 #拉麵 #豚骨 #雞白 #港式 #煲湯,Stars Yang - 豚骨醬油   https://bit.ly/2zsfqcg   林孝賢 - 特製豚骨鹽味拉麵   http://bit.ly/2wcU8tc   
力量拉麵-安和店,106台北市大安區安和路二段165號,安和店開業於2019年4月，港式煲湯手法、以藥饍入湯的創意拉麵店家，湯底呈古早豚骨濃厚味覺，此店亦有雞白湯可嘗試，詳情可察看下方網友食記。,11:30–15:00、17:00–21:30,安和路二段,#ramentw #台灣拉麵愛好會 #拉麵 #豚骨 #煲湯,Stars Yang - 豚骨醬油   https://bit.ly/2zsfqcg   林孝賢 - 特製豚骨鹽味拉麵   http://bit.ly/2wcU8tc   
力量拉麵-內湖店,114台北市內湖區瑞光路251號,內湖店開業於2019年7月，港式煲湯手法、以藥饍入湯的創意拉麵店家，湯底呈古早豚骨濃厚味覺，此店亦有雞白湯可嘗試，詳情可察看下方網友食記。,11:30–15:00、17:00–21:30,文德三號公園／北一家,#ramentw #台灣拉麵愛好會 #拉麵 #豚骨 #煲湯,Stars Yang - 豚骨醬油   https://bit.ly/2zsfqcg   林孝賢 - 特製豚骨鹽味拉麵   http://bit.ly/2wcU8tc   
濟善老麵,108台北市萬華區艋舺大道120巷11弄1號,開業於2018年11月，原為承恩老麵，因承恩門附近進行都市更新，故搬遷至現址並更名，湯頭是以雞清湯為主軸，是台灣目前少見的雞清湯淡麗系味道，本店的老雞湯麵採三層轉味設計，極黑羽為每日十食的烏骨雞限定，均為佳作，詳情可察看下方網友食記。,12:00–14:30、17:30–21:30週日 公休,萬華車站步行3分,#ramentw #台灣拉麵愛好會 #拉麵 #雞清 #淡麗 #烏骨雞,Yu-Ro Tsai - 極黑羽2.0烏骨雞拉麵   https://bit.ly/3hqT5Nk   黃宣蒲 - 極黑羽拉麵   https://bit.ly/3ccLk9W   柯安妮-老雞湯麵、極黑羽2.0   http://bit.ly/398GR6Q   
一前一町拉麵,無提供地址資訊,以雞湯與魚湯為主打的店家，內裝寬敞明亮，有4人桌，適於小聚；不論是招牌的雞湯或魚湯都有野菜與蒜味版本可供選擇，其叉燒除了一般常見的雞肉叉燒外，較為特別的是其有牛肉叉燒可供選擇。,11:00~14:00、17:00~20:00週六、日 休息,內湖科學園區／捷運港墘站-1號出口,#ramentw #台灣拉麵愛好會 #拉麵 #雞湯 #雞魚,林英傑 - 牛雞叉燒雙拼拉麵（雞魚雙湯）   https://bit.ly/37RZNJQ   朱禾 - 招牌雞汁白湯拉麵   https://bit.ly/3bINYUP   Sky Walker-雞牛叉燒雙拼拉麵   http://bit.ly/2NiJtH1   
誠屋拉麵-中山本店,無提供地址資訊,是以牛骨湯頭為主軸的店家，牛骨清爽，配菜多變的店家，店內除了有雞骨牛骨等品項，也有台灣限定的肉味噌等，同時其亦有擔擔麵與叉燒丼飯等選擇，相當多變。,周日~四 11:00–22:30週五~六 11:00–00:00,馬偕紀念醫院／捷運雙連站,#ramentw #台灣拉麵愛好會 #牛骨 #擔擔麵,Wanyu Chen - 牛骨白湯拉麵   https://bit.ly/382YEgA   朱禾 - 牛骨白湯   https://bit.ly/2C6u9KR   黃宣蒲 - 特製叉燒雞白湯拉麵、辣味雞白湯拉麵   https://bit.ly/2XAUERt   
誠屋拉麵-大直店,10491台北市中山區敬業三路123號愛買,本店位於ATT 4 Recharge 6樓。此店是以牛骨湯頭為主軸，牛骨湯頭清爽，深受顧客好評，店內除了有雞骨牛骨等品項，也有台灣限定的肉味噌等，同時其亦有擔擔麵與叉燒丼飯等選擇，品項豐富相當多變。,11:00~21:00(Last Order 21:00),ATT 4 Recharge,#ramentw #台灣拉麵愛好會 #牛骨 #擔擔麵,朱禾 - 牛骨白湯   https://bit.ly/2C6u9KR   黃宣蒲 - 特製叉燒雞白湯拉麵、辣味雞白湯拉麵   https://bit.ly/2XAUERt   吳俊青 - 牛骨白湯拉麵   https://bit.ly/2O8cSBh   
山頭火拉麵-京站店,無提供地址資訊,位於京站B3美食街。來自日本北海道旭川的Santouka山頭火於1988年成立，並於2012年登陸台灣，目前於日本全國和全球有超過51家分店，山頭火亦盡力將最傳統和一貫的高品質拉麵帶給大家品嚐。,週日~週四11:00 - 21:30週五~週六11:00 - 22:00,京站／捷運台北車站地下街京站出口,#ramentw #台灣拉麵愛好會 #拉麵 #沾麵 #豚骨,Stars Yang - 味噌拉麵(小)   http://bit.ly/2vDfWCm   Claire Chen - 特選豬頰肉拉麵、辣味噌沾麵   http://bit.ly/2VC685S   Stars Yang - 腰內肉套餐組合   https://bit.ly/2MBtLbE   
山頭火拉麵-sogo復興1號店,無提供地址資訊,來自日本北海道旭川的Santouka山頭火於1988年成立，並於2012年登陸台灣，目前於日本全國和全球有超過51家分店，山頭火亦盡力將最傳統和一貫的高品質拉麵帶給大家品嚐。,週日~週四11:00 - 21:30週五~週六11:00 - 22:00,SOGO BR4／捷運忠孝復興站-2號出口,#ramentw #台灣拉麵愛好會 #拉麵 #沾麵 #豚骨,Stars Yang - 味噌拉麵(小)   http://bit.ly/2vDfWCm   Claire Chen - 特選豬頰肉拉麵、辣味噌沾麵   http://bit.ly/2VC685S   Stars Yang - 腰內肉套餐組合   https://bit.ly/2MBtLbE   
荷麵亭 Hasumentei,111台北市士林區中山北路五段505巷42弄2號,日本師傅對拉麵的堅持，純正日式口味拉麵。專門提供昭和四、五十年代的口味，類似昭和時期的尾道流，非泡系濃厚系，是一間懷舊復古風格的拉麵店。,11:45~13:45；17:15~19:45週一、二 公休,士林夜市商圈／士林捷運站,#ramentw台北 #台灣拉麵愛好會 #拉麵 #豚骨 #加麵二球免費,吳俊青 - 濃厚塩味豚骨   https://bit.ly/2B62oRD   Max Lin - 濃厚豚骨   https://bit.ly/2vFtvOq   Realthee Chou -塩味豚骨   https://bit.ly/2B7bspz   
Due italian,110台北市信義區松高路19號,來自於東京，東京米其林必比登連三年推薦拉麵店，餐點別出心裁、擺盤秀雅的拉麵店，招牌是以鹽味為主體的生火腿起司拉麵，座位上則有吧檯與一般美食街常見的四人桌，隔壁即為A4附設超市。,週日-四 10:00–21:30週五、六10:00–22:00,新光三越A4館B2／捷運市政府站,#ramentw #台灣拉麵愛好會 #拉麵 #雞清 #義式,陳灝儒 - 生火腿起司拉麵   https://bit.ly/2Xtsgjf   Stars Yang -起司拉麵+濃厚系白色雞湯拉麵   http://bit.ly/32V6p5M   Max - 生火腿起司拉麵   https://bit.ly/2Psh6EK   
宮內屋豚骨らーめん,111台北市士林區通河街64號,2020年5月遷移至現址。日本女婿&台灣媳婦的日本豚骨らーめん♡拉麵！堅持熬10小時的豚骨高湯不加人工調味料的良心商家！はじめましてよろしくお願いします！因現控湯頭製作數量有限，每日限量60碗。,11:30 - 20:30週日 公休,劍潭青年活動中心／劍潭捷運站,#ramentw #台灣拉麵愛好會 #拉麵 #豚骨 #咖哩飯 #蝦仁餛飩 #真果實冰淇淋,黃宣蒲 - 豚骨拉麵   https://bit.ly/3aXUqGQ   吳俊青 - 豚骨拉麵   https://bit.ly/2B5NaMs   Yuki Li - 豚骨魚介拉麵   https://bit.ly/2OzuqHb   
麵試十一次,105台北市松山區健康路68號之3號,開幕於2020年1月16日，主軸為雞湯味，詳情可察看下方網友食記。,11:30~14:30 、17:30~20:30週六、日 不定休,胖老爹健康路店,#ramentw #台灣拉麵愛好會 #拉麵 #雞湯,徐煜傑 - 鹽味黃金雞湯麵   https://bit.ly/2NwzPA7   Jimmy Lai - 鹽味黃金雞湯麵、黑醬炙燒雞拌麵   https://bit.ly/3epircn   高晉 - 鹽味黃金雞湯麵   https://bit.ly/3bxyp2Z   
麵屋川去 MENYA Kawasari,105台北市松山區敦化北路222巷16號,於2020年1月開業，為淡麗系魚介雞湯為主的沾麵店，亦有販售醬油拉麵，詳情可察看下方網友食記。,11:30~14:00、17:30~20:00週日 公休,民有三號公園,#ramentw #台灣拉麵愛好會 #沾麵 #魚介雞 #拉麵 #醬油,Christine Wang - 川去沾麵   http://bit.ly/3axwKcC   蔡旻原 - （魚介雞骨）沾麵   http://bit.ly/3a3zqyq   Dwayne Weng - 川去沾麵   http://bit.ly/31pdpXF   
初 拉麵&煎餃,無提供地址資訊,巷弄內的樸實小店，店主原在美濃屋修業，傳承自美濃屋的味覺，因此招牌亦為標準的喜多方拉麵，有著淡麗的鹹味與豚骨感受；此外其煎餃內包有胡椒，食用時相當有趣。,11:30–14:00、17:30–21:00週日 公休,金峰滷肉飯／捷運中正紀念堂站 - 2號出口,#ramentw #台灣拉麵愛好會 #拉麵 #沾麵 #豚骨 #喜多方,周子淳 - 叉燒味噌拉麵   https://bit.ly/2EQyqDB   邱炳憲 - 喜多方醬油   https://bit.ly/2AWPZNF   Daidai Huang - 喜多方醬油   https://bit.ly/2wuL97E   
海拉麵,106台北市大安區浦城街59號,以雞湯為主打的平價店家，同時亦有鰹魚、醬油等口味可供選擇，店內座位主為吧檯式。,"週二-日 11:30–14:00, 17:00–20:30",台灣金融研訓院／捷運台電大樓站-三號出口,#ramentw #台灣拉麵愛好會 #拉麵 #雞白 #雞魚,Nash Hsu - 招牌雞汁白湯拉麵   https://bit.ly/2PQu8kb   陳盈璋 - 特製魚雞雙湯拉麵   https://bit.ly/2DIsxpt   
北海道札幌拉麵羽畠食堂,105台北市松山區民生東路四段79號,由原「千歲軒」大廚畠山大樹所開立的北海道札幌拉麵，延續著千歲軒的味道，原汁原味的北海道滋味。,週一-六 11:30–15:00、17:00–20:00週日 公休,中山國中站/小巨蛋站/長庚醫院,#ramentw #台灣拉麵愛好會 #拉麵  #豚骨,Chih-Hung Weng - 鹽味拉麵、味噌拉麵   http://bit.ly/2J04JOh   
黑曜麵屋,112台北市北投區尊賢街206巷2號,開業於2019年11月，以豚骨湯為主體的拉麵店，味道屬於台式風格，叉燒肉為此店的特色，詳情可察看下方網友食記。,11:00~21:00,曹家刈包,#ramentw #台灣拉麵愛好會 #拉麵 #豚骨,由你來寫第一篇   
一真亭ラーメン,110台北市信義區忠孝東路五段71巷3弄2號1樓,開業於2019年6月，是由前一休拉麵的廚師所開設的店舖，湯頭是以豚骨系為主，湯體風格為九州風與久留米風，平實的價格與美味，深受附近居民與麵友們喜愛，詳情可察看下方網友食記。,11:00–14:00、17:00–21:00,松山消防局／捷運象山站步行10分,#ramentw #台灣拉麵愛好會 #拉麵 #豚骨 #久留米,蔡葆淇 - 夏日限定冷麵   https://bit.ly/3e507W5   Brian Chen - 白湯 豚骨拉麵   http://bit.ly/2L7XAi3   David Hsu - 白湯 豚骨糖心蛋拉麵＼叉燒飯   http://bit.ly/2FowEGY   
餃 麵,111台北市士林區天母西路13巷1-1號,開幕於2018年4月(未確認)，販售雞濃湯的拉麵，介於比一般台式雞湯濃，比日式濃雞湯略淡的湯底，除此之外，兼有販售煎餃。,17:30~21:00,天母商圈，中信商銀斜對面巷弄內,#ramentw #台灣拉麵愛好會 #拉麵 #雞濃湯,Ernest Eli - 原味雞濃湯麵   http://bit.ly/2wFSUb6   Stars Yang - 原味雞濃湯麵   http://bit.ly/2NY9Gbr   Candy Yang - 輕花椒雞濃湯麵/鳳梨醬油雞濃湯麵   http://bit.ly/2QacJlR   
六丁目拉麵,114台北市內湖區民權東路六段215號,台北內湖在地的特色店家，定番價格約200~300間，除了一般的豚骨醬油與味噌外，不定時會有限定菜單，此外特別注意店家無晚餐時段，且無接待8歲以下孩童。,週五~日 11:00~14:00週一~四 公休,捷運東湖站,#ramentw #台灣拉麵愛好會 #拉麵 #豚骨,Chih-Hung Weng - 味噌燒牛肉拉麵／元祖叉燒拉麵   https://bit.ly/2Pslkjj   
百八龍拉麵,111台北市士林區大東路133號,百八龍自家製麵在日本已經營業超過五十年，特別選用北海道麵粉製麵，麵體有柚香氣是其特色，自己熬煮豚骨湯完全無其他添加物。,12:00 - 21:30,士林夜市商圈／士林捷運站,#ramentw #台灣拉麵愛好會 #拉麵 #沾麵 #柚香 #豚骨,Raven Chen - 豚骨鹽味拉麵   https://bit.ly/2K8lIzn   吳俊青 - 豚骨鹽味拉麵   https://bit.ly/2vCoKFo   阮偉程 - 豚骨鹽味拉麵   https://bit.ly/2B78CAE   
一騎札幌拉麵,105台北市松山區延壽街436號,2020年9月於現址重開。來自日本北海道札幌的味噌拉麵，除了有味噌口味外，也另外有著醬油、麻辣等口味，此外也有味噌奶油玉米與梅鹽等較為少見的口味。,11:00~22:00,大同大學／捷運民權西路站-9號出口,#ramentw #台灣拉麵愛好會 #拉麵 #豚骨,Candy Yang－梅鹽拉麵／一騎拌拌麵／一騎沾麵   http://bit.ly/2PlhqX2   
神山拉麵-台北店,無提供地址資訊,神山智博社長一手創立，總店起源於日本大阪，於日本已有多家分店，在台灣是少數有複數店面(台北、彰化)的家系拉麵。店內除了拉麵外，也有提供定食。,11:00～14:00，17:00～21:00,松江市場/捷運行天宮站,#ramentw #台灣拉麵愛好會 #拉麵  #豚骨 #家系,Stars Yang - 豚骨醬油   http://bit.ly/2Pv26Ge   James Yeh - 神山招牌拉麵   http://bit.ly/2NO8VlJ   
燒燒一碗來,105台北市松山區復興北路313巷30-1號號1F,開業於2019年9月，是以雞白湯為主軸的拉麵店，詳情可察看下方網友食記。,11:30~14:00、17:00~21:00週日 公休,西華飯店,#ramentw #台灣拉麵愛好會 #拉麵 #雞白,黃友廷 - 雞白湯拉麵   http://bit.ly/31Slgwo   陳自立 - 雞白湯拉麵   http://bit.ly/2AM3nmU   Maruko Su - 雞白湯拉麵   http://bit.ly/2VeKTVx   
森本家拉麵,100台北市中正區忠孝東路二段134巷20號,沿襲傳統日本拉麵的精華湯頭，堅持以自家製麵的方式，創造出獨特具有魅力的拉麵，熊本冠軍拉麵曾參加過電視冠軍比賽獲獎，是森本家最有特色的招牌，而且本店採用日本引進的自助式販賣機，是本店的特色項目。,"週一~五: 11:30~15:00, 17:00~22:00週六~日: 11:30~22:00",光華商場／捷運忠孝新生站-5號出口,#ramentw #台灣拉麵愛好會 #拉麵 #豚骨 #免費加麵二球,Chih-Hung Weng - 濃厚牛奶味噌拉麵   https://bit.ly/2wuFWMj   
樂山窄巷拉麵,無提供地址資訊,位處巷弄內，除了常見的地獄、奶油玉米外，也有蝦、醬油等品項，同時期店內所販售的丼飯也相當有水準，更有壽司與多樣小菜，是一家屬台式風味，菜單非常多樣化的拉麵店。,11:00–14:30、17:00–21:00,北投捷運站,#ramentw #台灣拉麵愛好會 #拉麵 #豚骨,陳勇任 - 厚切叉燒拉麵   https://bit.ly/2CN1qcg   
博多拉麵 市大店,無提供地址資訊,湯頭較為清爽的店家，風格為淡麗偏台式口味，是屬於連鎖型態的店家，店內有多樣小菜可供選擇，較特別的是使用鐵鍋代替碗來盛裝拉麵，當拉麵上桌時會有小爐火額外加熱，饒富趣味。,11:30~14:30、17:00~21:30,微風廣場／捷運忠孝復興站-4號出口,#ramentw #台灣拉麵愛好會 #拉麵 #豚骨,尚無食記可供參考   
男子漢拉麵食堂-內湖737店,114台北市內湖區內湖路一段737巷76號,適合三五好友小聚的店家，除了有一般拉麵店常有的醬油、味噌與豚骨外，更有著種類不少的油炸食品與飲料可供選擇。,週一~六: 11:30–02:00週日:12:00–00:00,國賓飯店／捷運雙連站-1號出口,#ramentw #台灣拉麵愛好會 #拉麵 #豚骨,林敬倫 - 太宰府豚骨叉燒拉麵   https://goo.gl/ya9Bc4   Daidai Huang - 焦蒜黑武士叉燒拉麵   https://goo.gl/U7njYr   Max Lin - 豚骨醬油   https://bit.ly/2Fga5XF   
OSHO拉麵,無提供地址資訊,位處南港軟體園區，店內販售清爽與微辣兩種口味，座位為吧檯式，為較為清爽的口味。,11:30–14:00，17:30–20:00週六、日 公休,捷運南港軟體園區站-1號出口,#ramentw #台灣拉麵愛好會 #拉麵 #豚骨,韓璐彼 - 豚骨拉麵   https://bit.ly/2CBWbMs   呂俊逸 - 微辣豚骨拉麵   https://bit.ly/2PiSTV7   
つけ麵心心-101店,110台北市信義區信義路五段7號,此店位於台北101地下美食街，為山形心心的沾麵品牌。將製麵者的心跟客人的心連繫在一起，為紀念此願景日本山形總店取名為心心，在台灣也希望能用此日本傳統精神將日本跟台灣人的心彼此更加靠近，故與日本總店取同名。,11:00 - 22:00,台北101／捷運世貿站,#ramentw #台灣拉麵愛好會 #拉麵 #沾麵 #豚骨 #二郎風,林小逼 - 魚豚野郎(中)   https://bit.ly/2MrYVBz   Candy Yang - 魚豚野郎(大)   https://bit.ly/2Ma1FE2   Nora Neko -定豚野郎拉麵   https://bit.ly/2vE1HtL   
麵家三士-南港店,115台北市南港區忠孝東路七段369號C棟,「三士」是源自於日本明治維新三傑－西鄉隆盛、木戶孝允及大久保利通。其中西鄉隆盛更是是將薩摩島(即現今鹿兒島)的眼界拓展到世界的中心人物。「麵家三士」就是希望發揮明治維新三位志士的精神，要將最棒的鹿兒島拉麵推廣給全世界的人知道，而成立的品牌。三士拉麵的湯底是用豬骨，特別是頭骨以及蔬菜經過數十小時熬煮而成的半濁湯頭。,11:00-21:30週五~週六11:00am-22:00pm(含國定假日前夕),CITYLINK南港店C1棟／捷運南港站,#ramentw #台灣拉麵愛好會 #拉麵 #沾麵 #豚骨 #限定,魏志利 - 龍馬三士拉麵   http://bit.ly/2UUBfLb   程銘奕 - 華麗三士拉麵   http://bit.ly/2ZqWvXl   
赤坂拉麵-京華店,無提供地址資訊,從日本發跡的赤阪拉麵，打著第一屆電視冠軍王的旗幟，在台灣寫下傳奇新頁。赤阪拉麵的湯頭口味道地、味道香濃，湯頭濃郁豬骨香。麵條口感Q滑有勁。,11:00–22:00,京華城／捷運南京三民站,#ramentw #台灣拉麵愛好會 #拉麵 #沾麵 #豚骨,Ray Shen - 醬油拉麵   http://bit.ly/2vdlfnV   
赤坂拉麵-重慶店,無提供地址資訊,從日本發跡的赤阪拉麵，打著第一屆電視冠軍王的旗幟，在台灣寫下傳奇新頁。赤阪拉麵的湯頭口味道地、味道香濃，湯頭濃郁豬骨香。麵條口感Q滑有勁。,11:00–21:00,228和平公園台大醫院站,#ramentw #台灣拉麵愛好會 #拉麵 #沾麵 #豚骨,Wanyu Chen - 電視冠軍拉麵   https://bit.ly/2VWgRHM   Ray Shen - 醬油拉麵   http://bit.ly/2vdlfnV   
三本拉麵,無提供地址資訊,相當少見且特殊的素食+手工製麵的店家(蛋與蔥花可以額外提醒不加)，湯頭有咖哩與味噌口味，同時亦有多樣小菜、丼飯與壽司可供選擇，非常特別。,"週一~五 : 11:30–14:30, 17:00–21:30週六~日 : 11:30–21:30",四平公園／捷運松江南京站-6號出口,#ramentw #台灣拉麵愛好會 #拉麵 #素食,吳俊青 - 上湯咖哩拉麵   https://bit.ly/2RLNcww   Daidai Huang－完熟蕃茄拉麵   http://bit.ly/2W41Kdq   
惠比須麵屋,106台北市大安區光復南路570號1樓,叉燒為較為少見的港式叉燒，湯頭偏清淡，同時其擺盤上亦有不少蔬菜，相當豐富。,11:30–14:30、18:30–21:30,捷運信義安和站5號出口、捷運世貿101站1號出口,#ramentw #台灣拉麵愛好會 #拉麵 #豚骨,Chih-Hung Weng-特盛綜合拉麵   https://bit.ly/2DeYKV5   
李好拉麵-大吉大利-今日吃拉麵,10491台北市中山區吉林路26巷16號,2020年4月遷移至現址，湯頭以豚湯為主體，味感屬台式淡麗，層次偏弱，價格平實，亦有不少死忠麵友，詳情請見下方食記。,11:30–14:00、17:00–19:30,吉林路／捷運松江南京站,#ramentw #台灣拉麵愛好會 #拉麵 #豚骨,由你來寫第一篇   
濃氣屋 拉麵 成功店,106台北市大安區和平東路二段311巷17號,濃気屋拉麵(のんき屋ラ－メン)是來自日本福岡的拉麵公司，由大石峯生先生創立於1959年。我們在2017年11月11日開設第一家台灣分店，致力於提供口味純正但價格實惠的九州拉麵。,11:00–21:00,北師美術館／捷運科技大樓站,#ramentw #台灣拉麵愛好會 #拉麵 #豚骨,Bill Chang - 豚骨拉麵   https://bit.ly/2OzgTyJ   ChanHua Chang - 味增濃湯拉麵   https://bit.ly/2PlY2MY   
無敵豚骨拉麵(濃氣屋 忠孝店),106台北市大安區忠孝東路四段205巷9號,濃気屋拉麵(のんき屋ラ－メン)是來自日本福岡的拉麵公司，由大石峯生先生創立於1959年。我們在2018年11月11日開設第一家台灣分店，本店在2018年10月26日開幕，致力於提供口味純正但價格實惠的九州拉麵。,週一~五：11:30–22:00週六~日：11:30–23:00,明曜百貨公司／捷運忠孝敦化站,#ramentw #台灣拉麵愛好會 #拉麵 #豚骨,Bill Chang - 豚骨拉麵   https://bit.ly/2OzgTyJ   ChanHua Chang - 味增濃湯拉麵   https://bit.ly/2PlY2MY   
濃氣屋 拉麵 信義店,11065台北市信義區忠孝東路五段177號,濃気屋拉麵(のんき屋ラ－メン)是來自日本福岡的拉麵公司，由大石峯生先生創立於1959年。我們在2018年11月11日開設第一家台灣分店，致力於提供口味純正但價格實惠的九州拉麵。,週日~四：11:30 - 21:30(Last Order 21:00)週五~六：11:30 - 23:00(Last Order 22:30),涼風庵／捷運市府站,#ramentw #台灣拉麵愛好會 #拉麵 #豚骨,Bill Chang - 豚骨拉麵   https://bit.ly/2OzgTyJ   ChanHua Chang - 味增濃湯拉麵   https://bit.ly/2PlY2MY   
麵や黒平(永康店),106台北市大安區永康街10-3號,原熱烈一番亭，與一番亭同集團但主打沾麵的新品牌。,11:00–21:30,永康公園／捷運東門站-五號出口,#ramentw #台灣拉麵愛好會 #沾麵 #擔擔沾麵,Kority Park - 招牌沾麵   http://bit.ly/2W6zI0I   
大石家拉麵,無提供地址資訊,以招牌熊本冠軍拉麵作為主打，是偏向台式的清爽口味，鹹度和厚度較薄弱，本店亦有地獄拉麵、豚骨豬排等較為在地的品項可供選擇。,11:30–21:30,育達商職／捷運小巨蛋站-4號出口,#ramentw #台灣拉麵愛好會 #拉麵 #豚骨,Lalla Pu-珍奶拉麵   http://bit.ly/34RiE2E   Claire Pan - 透抽醬油拉麵   http://bit.ly/2XzXRxf   Candy Yang - 熊本冠軍拉麵   http://bit.ly/2vf019c   
熊二拉麵,110台北市信義區虎林街164巷11-1號,開業於2019年九月，目前有豚骨湯和雞白湯，詳情可察看下方網友食記。,17:00~21:00,中全公園／捷運永春站,#ramentw #台灣拉麵愛好會 #拉麵 #豚骨 #雞白湯,Max Cheng - 野菜拉麵   https://bit.ly/31rinV8   Dominique Nic Huang - 雞白湯野菜拉麵 http://bit.ly/2kMa2cx   Dwayne Weng - 濃厚豚骨   http://bit.ly/2lROWJW   
次元食堂,10491台北市中山區中山北路一段105巷No. 4-5號,開幕於2019年7月，以平價食堂為訴求，亦有醬油與豚骨拉麵，價格實惠深受食客喜愛，詳情請見下方食記。,12:00 - 21:30,鳥人拉麵／捷運中山站-2號出口,#ramentw #台灣拉麵愛好會 #拉麵 #豚骨 #醬油 #烏龍麵 #丼飯,陳冠呈 - 醬油拉麵   https://bit.ly/2xnC70c   
金沢拉麵,10491台北市中山區農安街24-6號,2018年7月開幕，湯頭以豚湯為主體，味感屬台式淡麗，層次偏弱，詳情請見下方食記。,11:30~14:00、17:00~21:30,農安街／捷運中山國小站,#ramentw #台灣拉麵愛好會 #拉麵 #豚骨 #魚介 #麵飯無限吃到飽,由你來寫第一篇   
山形心心拉麵-台北站前旗艦店,100台北市中正區公園路22-3號,此店位於公園路2F。將製麵者的心跟客人的心連繫在一起，為紀念此願景日本山形總店取名為心心，在台灣也希望能用此日本傳統精神將日本跟台灣人的心彼此更加靠近，故與日本總店取同名。,11:30 - 20:00,青島西路與公園路交叉口／捷運台北車站M8出口,#ramentw #台灣拉麵愛好會 #拉麵 #沾麵 #豚骨 #魚豚 #二郎風,楊德輝 - 辛味噌拉麵   https://bit.ly/2MOnHdw   林小逼 - 魚豚野郎(中)   https://bit.ly/2MrYVBz   Candy Yang - 魚豚野郎(大)   https://bit.ly/2Ma1FE2   
山形心心拉麵-士林店,無提供地址資訊,將製麵者的心跟客人的心連繫在一起，為紀念此願景日本山形總店取名為心心，在台灣也希望能用此日本傳統精神將日本跟台灣人的心彼此更加靠近，故與日本總店取同名。,17:00 - 01:00,士林夜市商圈／士林捷運站,無提供標籤資訊,楊德輝 - 辛味噌拉麵   https://bit.ly/2MOnHdw   林小逼 - 魚豚野郎(中)   https://bit.ly/2MrYVBz   Candy Yang - 魚豚野郎(大)   https://bit.ly/2Ma1FE2      #ramentw #台灣拉麵愛好會 #拉麵 #沾麵 #豚骨 #魚豚 #二郎風
三友拉麵-民生店,無提供地址資訊,主打豚骨，口味偏向台式味覺，最大的特色為每日限定的豚骨無敵拉麵，除此之外，也以豚骨湯為基底，變化出赤丸、味噌、醬油等品項，而喜歡蔬菜的亦有野菇、韭菜、野菜等口味可供選擇。其小菜亦多元，有非常多種的可樂餅與油炸海鮮可供選擇。,11:00–21:30,捷運小巨蛋站與松山機場站之間,#ramentw #台灣拉麵愛好會 #拉麵  #豚骨,Candy Yang－醬拌麵／豚骨無敵拉麵   http://bit.ly/2VZqT8Z   朱黃均－豚骨味噌拉麵   http://bit.ly/2KZj8yW   
開漳拉麵,無提供地址資訊,開業於2018年8月，2019年4月遷移至北科大，2020年3月遷移至現址，主打平價的豚骨湯頭，店內除豚骨拉麵之外，亦有辣麻味噌拉麵，詳情可察看下方網友食記。,17:00~20:00,丼起來,#ramentw #台灣拉麵愛好會 #拉麵 #豚骨 #加麵一球免費,簡榆樺 - 豚骨拉麵   http://bit.ly/2Q2afDf   張宗霖 - 味噌拉麵(辣)+豚骨拉麵   http://bit.ly/2wF8B1B   
勝拉麵*,10491台北市中山區北安路621巷46號,位於大直實踐校區的拉麵老店，偏向淡麗方向的豚骨湯頭，此店平實的價格及自熬湯頭還是受到學生們的喜愛。,11:30~14:00、17:00~20:00週三 休息,實踐大學／捷運大直站,#ramentw #台灣拉麵愛好會 #拉麵 #豚骨,尚無食記可供參考   
不二家拉麵,10491台北市中山區中山北路二段59巷10號,中山北路七條通內相當有特色的店家，雖座位上稍嫌擁擠，店面的歷史積澱感讓人神往，主打為不二家拉麵，此外亦販售有醬油、豚骨、味噌與擔擔麵等品項，亦有不少小菜、炸物等，是相當適合三兩好友下班後放鬆的地方。,週一~六 11:30~15:00，17:30~26:00週日 11:30~15:00，17:30~24:00,國賓飯店／捷運雙連站-1號出口,#ramentw #台灣拉麵愛好會 #拉麵 #豚骨,Chih-Hung Weng - 不二家拉麵   https://bit.ly/2ELl9LS   
鐵丸十三堂,115台北市南港區昆陽街157巷7號,開業於2013年9月，2020年9月遷移至現址。主打平價的豚骨湯頭，湯體偏淡麗台式，店內除豚骨拉麵之外，亦有飯食販售，此間頗受在地麵友喜愛，詳情可察看下方網友食記。,11:00–14:30、16:30–20:30,COMEBUY／捷運昆陽站,#ramentw #台灣拉麵愛好會 #拉麵 #豚骨 #限定 #變化,Soron Hsu - 豚骨拉麵／鐵丸特濃豚骨拉麵   https://bit.ly/3nGbEQM   尹聖鈞 - 隱藏限定松露雞湯拉麵、札幌味噌拉麵   http://bit.ly/2Rgf0us   
勝十蘭拉麵,"13-2號, 南陽街中正區台北市100",上菜速度令人印象深刻的店家，最特別的點為其使用自動化器械製作餐點，是當地價格平實的台式拉麵選擇。,11:00–20:30,台北車站／捷運台北車站站-M6出口,#ramentw #台灣拉麵愛好會 #拉麵 #豚骨,YongTurn Shih - 招牌豚骨   https://bit.ly/2KtcpJz   
Mr拉麺の野崎家(台北店),100台北市中正區羅斯福路三段316巷9弄2號,始於2012年10月在台北公館，老闆曾當過記者和東京都議員，在台北念博士班期間開平價拉麵店，很受學生客群歡迎，2013年進軍台南開設勝利分店，成功打開台南市場而快速展店，2017年6月28日改名為Mr拉麺の野崎家，原Mr.拉麵成姊妹店，2017年9月遷移至現址。,11:30~21:00,台灣大學／捷運公館站,#ramentw #台灣拉麵愛好會 #拉麵 #豚骨,邱炳憲 - 野崎家醬油拉麵   http://bit.ly/2vhH1Hb   
象子.麵,110台北市信義區信義路五段150巷14弄2-2號,開幕於2019年4月，以雞白濃湯為主軸的拉麵店，雞湯拉麵的轉味元素為蒜蓉奶油，與麵包店合開，是間特殊風格的拉麵小店。,12:00–14:30、17:30–20:30,信義國中、象山步道,#ramentw #台灣拉麵愛好會 #拉麵 #雞濃白,Victor Lo - 雞濃白玉雞湯拉麵   http://bit.ly/2VQ2DGj   
裸湯拉麵,106台北市大安區敦化南路一段238巷1號,開業於2018年10月，是以雞豬湯頭為主軸的拉麵店，味道較偏向淡麗系，是間很適合拍照打卡的店家，詳情可察看下方網友食記。,11:00~21:30,SOGO敦化館／捷運忠孝復興站步行5分,#ramentw #台灣拉麵愛好會 #拉麵 #豚雞,Nora Neko - 裸湯蔥花拉麵   http://bit.ly/2D3xqtK   
匠麵殿拉麵專門店,106台北市大安區金山南路二段7號,開幕於2019年3月，位於師大商圈附近，以豚骨湯為主體，店內有各式不同的拉麵口味，是屬於入門級的拉麵小店，詳情可察看下方網友食記。,11:30 - 14:00、17:00 - 21:00,泰順公園,#ramentw #台灣拉麵愛好會 #拉麵 #豚骨,Daxon Tsai - 北海道味噌拉麵   http://bit.ly/2UqArIE   Stars Yang - 豚骨蒜香拉麵   http://bit.ly/2DMwN6z   
神樂岡旭川拉麵,200基隆市仁愛區仁二路211號2樓,開業於2015年10月，老闆從日本學藝後回台灣開店，是屬於基隆在地的人氣店家，詳情可察看下方網友食記。,11:30~14:00、17:00~21:00,基隆廟口夜市商圈,#ramentw #台灣拉麵愛好會 #拉麵 #豚骨 #限定,大頭小寶 - 流沙蟹皇   https://bit.ly/2GenPDg   大頭小寶 - 醬油拉麵   https://bit.ly/2PtP6CF   Joanna Kao - 戰斧豬排拉麵   https://bit.ly/3h2gsfc   
滝禾製麵所-內湖江南店,114台北市內湖區江南街26號,本店在台中太平，此店開幕於2019年3月，本店的味道以豚骨湯、雞湯為主軸，平價美味深受在地顧客喜愛，詳情請見下方食記。,11:30 - 22:00,捷運港墘站,#ramentw #台灣拉麵愛好會 #拉麵 #豚骨 #雞湯,熊本熊 - 濃醇咖喱牛五花拉麵   http://bit.ly/2SdotVq   吳俊青 - 原味肋眼叉燒   http://bit.ly/35JalXT   林浩子 - 原味拉麵   http://bit.ly/2sRZjRj   
奧特拉麵 Ramen Ultra-南港車站店,115台北市南港區忠孝東路七段371號B1,"錦集團之創立,1994年「雞玉錦拉麵」誕生於日本秋田縣大館市，奧特拉麵 Ramen Ultra為其子品牌。以秋田縣為中心、錦集團擴展多家店舗、依毎家店舗調製不同口味，目前台灣桃園為第一家分店，總計台灣有三家分店。",11:00~21:30,南港車站,#ramentw #台灣拉麵愛好會 #拉麵 #雞湯,Hsing Chuan Chen-豬背脂味玉香鹽拉麵   http://bit.ly/2tPfSxN   Stars Yang - 雞湯柚子鹽味拉麵   http://bit.ly/2SG5nnE   
大井屋,10491台北市中山區北安路621巷12號,於2020年3月開業，以豚骨湯為主軸，是以CP值為導向的拉麵店，詳情可察看下方網友食記。,無相關資訊,大直北安路,#ramentw #台灣拉麵愛好會 #拉麵 #豚骨,由你來寫第一篇   
虎記餃子-世貿店,"1f, No. 14號基隆路二段39巷信義區台北市11052",粉專創立於2020年2月，三商行所創立的煎餃專賣店，亦販售蔬菜拉麵，詳情可察看下方網友食記。,11:30~14:30、17:00~20:00,吳興街／捷運台北101世貿站,#ramentw #台灣拉麵愛好會 #餃子 #拉麵 #煎餃  #煽り系,Zhanyao Zhang - 蔬菜拉麵   https://bit.ly/329fkjS   Snowy Liou - 虎記蔬菜拉麵   https://bit.ly/3aDzExG   
吉鴙ラーメン（吉鴙拉麵）,106台北市大安區信義路三段166巷2-3號,於2020年6月開幕，以雞湯為主軸，是台北少見以煮干為定番的店家。詳情請見下方食記。,11:00~14:30、16:00~20:30週日 公休,師大附中正門斜對面,#ramentw #台灣拉麵愛好會 #拉麵 #雞清湯 #雞白湯 #煮干,Is Amy - 濃厚煮干拉麵   https://bit.ly/34X8WOd   鄭傑瑞 - 濃雞白湯拉麵   https://bit.ly/3cGrUMk   劉士瑋 - 濃厚煮干拉麵   https://bit.ly/3kQBZJz   
山形心心-萬華店,108台北市萬華區寶興街39號,此店位於西園路。將製麵者的心跟客人的心連繫在一起，為紀念此願景日本山形總店取名為心心，在台灣也希望能用此日本傳統精神將日本跟台灣人的心彼此更加靠近，故與日本總店取同名。,11:00~20:00,雙園國中,#ramentw #台灣拉麵愛好會 #拉麵 #沾麵 #豚骨 #二郎風,楊德輝 - 辛味噌拉麵   https://bit.ly/2MOnHdw   林小逼 - 魚豚野郎(中)   https://bit.ly/2MrYVBz   Candy Yang - 魚豚野郎(大)   https://bit.ly/2Ma1FE2   
麵屋一番-內湖店,114台北市內湖區內湖路一段737巷8弄12號,於2020年6月開業，以雞白湯為主軸，原味味道清爽，若需加鹹，請與店家先行告知，詳情可察看下方網友食記。,11:00~21:00週一 公休,內湖737巷夜市,#ramentw #台灣拉麵愛好會 #拉麵 #雞白湯,谷祖豪 - 蛤蠣雞湯拉麵   https://bit.ly/2Goyag2   Stars Yang - 咖哩雞白湯拉麵   https://bit.ly/373phDH   丁閎 - 雞白湯拉麵   https://bit.ly/3kJoBrn   
三元堂拉麵專門店,100台北市中正區三元街52號,開業於2020年7月1日，與匠麵殿是同一老闆，販售雞白湯與豚骨二種風格湯底，詳情可察看下方網友食記。,12:00~賣完、18:00~21:00,三元街、永和豆漿,#ramentw #台灣拉麵愛好會 #拉麵 #雞白湯 #豚骨,由你來寫第一篇   
魂麵-微風南山店,無提供地址資訊,本店位於微風南山5F。開業於2020年7月，是微風集團所投資的拉麵品牌，湯頭以豚骨湯為主軸，詳情可察看下方網友食記。,週日~三 11:00~21:30週四~六 11:00~22:00,微風南山,#ramentw #台灣拉麵愛好會 #拉麵 #豚骨,由你來寫第一篇   
麗人博多拉麵 師大店,106台北市大安區師大路92巷6號,於2020年7月開幕，湯頭以台式豚骨為主，詳細可參閱下方食記。,11:30~20:50,必勝客／捷運台電大樓站步行5分,#ramentw #台灣拉麵愛好會 #拉麵 #豚骨,Miranda Chang - 博多豚骨拉麵   http://bit.ly/2vaeUJt   
御嶽海 拉麵ラㄧメン,10491台北市中山區中山北路一段140巷13號,開業於2020年7月，以豚骨湯為主軸，湯頭為甘甜風格，販售醬油、辣味、味噌三種口味皆均一價200元，詳情可察看下方網友食記。,11:30~21:00,集客茶館／捷運中山站,#ramentw #台灣拉麵愛好會 #拉麵 #豚骨,由你來寫第一篇   
麵屋百味,204基隆市安樂區麥金路199號1,開業於2020年7月，以素食為主軸，訴求平價美味，詳情可察看下方網友食記。,11:30~15:00、17:00~20:00週二 公休,橘郡社區,#ramentw #台灣拉麵愛好會 #拉麵 #素食,大頭小寶 - 元祖豆乳拉麵   https://bit.ly/2C4jq43   
